trigger_dt,pitch_dt,ticker,sentiment
2024-01-03,2024-01-01,TEAM,bearish
2024-01-02,2024-01-01,HCP,bullish
2024-01-02,2024-01-01,IOT,bearish
2024-01-25,2024-01-01,AMPL,bullish
2024-01-02,2024-01-01,ADBE,bearish
2024-12-20,2024-01-01,BESIY,bullish
2024-01-02,2024-01-02,LRMR,bullish
2025-01-30,2024-01-02,MAKSY,bullish
2024-01-02,2024-01-02,LIFE,bullish
2024-01-25,2024-01-02,HGV,bullish
2024-01-10,2024-01-02,CPNG,bullish
2025-01-21,2024-01-02,VONOY,bullish
2024-01-02,2024-01-02,DAKT,bullish
2024-01-02,2024-01-02,HSY,bullish
2024-01-10,2024-01-02,MXCT,bullish
2024-01-02,2024-01-02,PYXS,bullish
2024-01-22,2024-01-02,AER,bullish
2024-03-19,2024-01-03,CELH,bearish
2024-01-03,2024-01-03,C,bullish
2024-02-23,2024-01-03,DHI,bullish
2024-01-03,2024-01-03,DQ,bullish
2024-12-30,2024-01-04,TCI,bullish
2024-01-05,2024-01-05,MREO,bullish
2024-02-06,2024-01-05,ESPR,bullish
2024-01-05,2024-01-05,FIXX,bullish
2024-02-01,2024-01-05,ETSY,bullish
2024-12-20,2024-01-06,LNNGY,bullish
2025-01-16,2024-01-07,NTDOY,bullish
2024-01-08,2024-01-08,TIPT,bullish
2024-01-26,2024-01-08,BFH,bullish
2024-02-02,2024-01-08,OMAB,bullish
2024-01-08,2024-01-08,KOPN,bullish
2024-01-29,2024-01-08,SYF,bullish
2024-01-08,2024-01-08,DCGO,bearish
2024-01-30,2024-01-09,SNBR,bullish
2024-01-09,2024-01-09,MSTR,bearish
2024-01-29,2024-01-10,DSGR,bullish
2024-01-10,2024-01-10,ABR,bearish
2024-01-25,2024-01-10,PCTY,bullish
2024-01-25,2024-01-10,PUBM,bullish
2024-01-23,2024-01-10,GEO,bullish
2024-01-29,2024-01-11,FTRE,bullish
2024-01-25,2024-01-11,TCMD,bullish
2024-01-24,2024-01-11,BABA,bullish
2024-01-12,2024-01-12,ALIT,bearish
2024-01-23,2024-01-12,SE,bullish
2024-01-25,2024-01-12,PGY,bullish
2024-02-12,2024-01-14,FND,bullish
2024-06-28,2024-01-14,NBBK,bullish
2024-01-25,2024-01-14,LYTS,bullish
2024-01-19,2024-01-14,CLS,bullish
2024-02-07,2024-01-14,EXPE,bullish
2024-01-16,2024-01-14,AMZN,bullish
2024-12-31,2024-01-15,AOIFF,bullish
2024-01-25,2024-01-15,NSSC,bullish
2024-02-07,2024-01-15,EMR,bullish
2024-02-14,2024-01-15,RMBL,bullish
2024-01-16,2024-01-16,MSFT,bullish
2024-01-22,2024-01-16,OII,bullish
2024-02-26,2024-01-16,CEIX,bullish
2024-01-16,2024-01-16,SOFI,bearish
2024-01-23,2024-01-16,ROKU,bullish
2024-02-02,2024-01-16,DFS,bullish
2024-02-06,2024-01-16,BIDU,bullish
2024-01-17,2024-01-17,HMST,bullish
2024-01-23,2024-01-17,SE,bullish
2024-01-17,2024-01-17,BXMT,bearish
2024-01-17,2024-01-17,CLPT,bullish
2024-01-17,2024-01-17,VINP,bullish
2024-01-19,2024-01-17,SBUX,bullish
2024-01-17,2024-01-17,EPD,bullish
2024-02-06,2024-01-17,BKNG,bullish
2024-01-23,2024-01-18,BELFB,bullish
2024-01-18,2024-01-18,BTI,bullish
2024-02-01,2024-01-18,STLA,bullish
2024-01-18,2024-01-18,ALPP,bearish
2024-01-18,2024-01-18,UBER,bullish
2024-01-26,2024-01-18,TGB,bullish
2024-12-30,2024-01-18,GBFH,bullish
2024-01-30,2024-01-19,JPM,bullish
2026-04-02,2024-01-19,MPTI,bullish
2024-02-12,2024-01-19,TG,bullish
2024-02-07,2024-01-19,EXPE,bullish
2024-01-30,2024-01-19,JPM,bullish
2024-02-07,2024-01-19,DOCN,bullish
2025-01-03,2024-01-19,MRVSY,bullish
2024-02-08,2024-01-19,NVTS,bullish
2024-01-19,2024-01-19,KNSL,bullish
2024-12-20,2024-01-20,PFX,bullish
2024-01-25,2024-01-20,FLR,bullish
2024-01-24,2024-01-20,BTE,bullish
2024-02-06,2024-01-21,RIVN,bullish
2024-02-09,2024-01-21,TDOC,bullish
2024-01-22,2024-01-22,CPRT,bullish
2024-03-27,2024-01-22,ZIM,bullish
2024-01-26,2024-01-22,EBAY,bullish
2024-02-06,2024-01-22,SAVE,bullish
2024-01-29,2024-01-22,UL,bullish
2024-01-29,2024-01-22,SOFI,bullish
2024-01-22,2024-01-22,IOT,bearish
2024-01-22,2024-01-22,SNPS,bullish
2024-02-14,2024-01-22,SQM,bullish
2024-01-26,2024-01-22,PARA,bullish
2024-02-16,2024-01-23,KMI,bullish
2024-01-23,2024-01-23,MMM,bearish
2024-02-22,2024-01-23,CHPT,bearish
2024-01-23,2024-01-23,GLD,bearish
2024-02-09,2024-01-23,TNDM,bullish
2024-01-23,2024-01-23,TSLA,bearish
2024-02-12,2024-01-24,HD,bullish
2024-12-26,2024-01-24,ATHOF,bullish
2024-02-08,2024-01-24,JAKK,bullish
2024-01-29,2024-01-24,TGLS,bullish
2024-01-29,2024-01-24,FLL,bullish
2024-01-29,2024-01-24,SOFI,bullish
2024-01-24,2024-01-24,LBTYA,bullish
2024-01-24,2024-01-24,SNAP,bearish
2024-01-24,2024-01-24,SEAT,bullish
2024-01-24,2024-01-24,GB,bullish
2024-01-25,2024-01-25,PAR,bullish
2024-01-29,2024-01-25,BTI,bullish
2025-01-07,2024-01-25,NBN,bullish
2025-01-17,2024-01-25,DUFRY,bullish
2024-01-25,2024-01-25,CSV,bullish
2024-03-11,2024-01-25,ETN,bearish
2024-01-29,2024-01-25,JD,bullish
2024-01-25,2024-01-25,PYPL,bullish
2026-02-13,2024-01-25,MPU,bearish
2024-01-26,2024-01-26,CDMO,bullish
2024-12-23,2024-01-26,GRUSF,bullish
2024-02-02,2024-01-28,CI,bullish
2024-01-29,2024-01-28,LAZR,bullish
2024-01-29,2024-01-28,PARA,bullish
2024-01-29,2024-01-29,CDE,bullish
2024-02-12,2024-01-29,CUTR,bullish
2024-01-29,2024-01-29,HSII,bullish
2024-01-29,2024-01-29,GD,bullish
2024-02-09,2024-01-29,MWA,bullish
2024-01-29,2024-01-29,BIP,bullish
2024-01-29,2024-01-29,AAP,bullish
2024-02-26,2024-01-29,TIPT,bullish
2024-02-07,2024-01-29,NIO,bullish
2024-01-29,2024-01-29,PYPL,bullish
2024-01-31,2024-01-29,SLGN,bullish
2024-01-30,2024-01-30,FLT,bullish
2024-01-31,2024-01-30,CAVA,bearish
2024-01-30,2024-01-30,SOFI,bullish
2024-01-30,2024-01-30,EPD,bullish
2024-01-30,2024-01-30,WDFC,bearish
2024-12-20,2024-01-30,CREX,bullish
2024-01-30,2024-01-30,MATW,bullish
2025-01-21,2024-01-30,EADSY,bullish
2024-01-30,2024-01-30,KMPR,bullish
2024-02-08,2024-01-30,ODD,bullish
2024-12-20,2024-01-30,TCEHY,bullish
2024-01-30,2024-01-30,IBM,bullish
2024-01-30,2024-01-30,CRM,bullish
2024-01-31,2024-01-31,COF,bullish
2024-01-31,2024-01-31,NVDA,bullish
2024-01-31,2024-01-31,DE,bullish
2024-02-12,2024-01-31,DLTH,bullish
2024-01-31,2024-01-31,AMD,bullish
2024-02-14,2024-01-31,RKLB,bullish
2024-01-31,2024-01-31,LLY,bullish
2024-01-31,2024-01-31,CPS,bullish
2024-02-08,2024-01-31,PARA,bearish
2024-02-01,2024-02-01,ARGX,bullish
2025-01-21,2024-02-01,VONOY,bullish
2024-02-01,2024-02-01,SOFI,bullish
2024-02-01,2024-02-01,CRBU,bullish
2024-02-07,2024-02-01,NU,bullish
2024-03-13,2024-02-01,GOOGL,bullish
2024-02-02,2024-02-02,VRT,bullish
2024-02-14,2024-02-02,RKLB,bullish
2024-02-07,2024-02-02,LQDA,bullish
2024-02-02,2024-02-02,FIGS,bullish
2024-02-02,2024-02-02,CHX,bullish
2024-02-02,2024-02-02,OTIS,bullish
2024-02-02,2024-02-02,AZO,bullish
2024-02-02,2024-02-02,DAKT,bullish
2024-02-02,2024-02-02,CTLP,bullish
2024-02-05,2024-02-04,META,bullish
2024-02-12,2024-02-04,CULP,bullish
2024-02-05,2024-02-04,CLF,bullish
2024-03-04,2024-02-04,GTIM,bullish
2024-02-16,2024-02-05,OLN,bullish
2024-02-08,2024-02-05,PRMW,bullish
2024-02-12,2024-02-05,PRCH,bullish
2024-02-05,2024-02-05,PG,bullish
2024-02-22,2024-02-05,NYCB,bullish
2024-03-04,2024-02-05,GTIM,bullish
2024-02-09,2024-02-06,ZIMV,bullish
2024-02-16,2024-02-06,SU,bullish
2024-02-06,2024-02-06,KC,bullish
2024-02-06,2024-02-06,EWBC,bearish
2024-02-06,2024-02-06,PLTR,bullish
2024-02-27,2024-02-06,BZH,bullish
2024-02-07,2024-02-07,PLTR,bullish
2024-02-07,2024-02-07,AMZN,bullish
2024-12-31,2024-02-07,OILSF,bullish
2024-02-07,2024-02-07,EL,bullish
2024-11-22,2024-02-07,SILC,bullish
2024-02-08,2024-02-07,FF,bullish
2024-02-07,2024-02-07,BABA,bullish
2025-01-16,2024-02-07,PROP,bullish
2024-02-07,2024-02-07,POWL,bullish
2024-02-07,2024-02-07,T,bullish
2024-02-13,2024-02-07,IIIV,bullish
2024-02-28,2024-02-08,TGTX,bullish
2024-02-08,2024-02-08,FF,bullish
2024-02-14,2024-02-08,BORR,bullish
2024-02-12,2024-02-08,AMPY,bullish
2024-02-08,2024-02-08,UBER,bullish
2024-02-08,2024-02-08,ACTG,bullish
2024-03-06,2024-02-08,FC,bullish
2024-02-09,2024-02-09,KNSL,bullish
2024-02-09,2024-02-09,SAVE,bullish
2024-02-09,2024-02-09,MCFT,bullish
2024-02-09,2024-02-09,QRVO,bullish
2024-02-28,2024-02-09,PYPL,bullish
2025-01-21,2024-02-09,ADYEY,bullish
2024-02-15,2024-02-10,DFH,bullish
2024-02-20,2024-02-10,AEM,bullish
2024-02-12,2024-02-10,ENPH,bullish
2024-02-12,2024-02-10,ADM,bullish
2024-02-12,2024-02-10,NYCB,bearish
2024-02-29,2024-02-11,AMD,bullish
2024-11-27,2024-02-11,LEE,bullish
2024-02-21,2024-02-11,NECB,bullish
2024-02-12,2024-02-11,MAPS,bullish
2024-02-12,2024-02-11,KVUE,bearish
2024-02-12,2024-02-11,IMMR,bullish
2024-02-15,2024-02-12,ANVS,bullish
2024-02-12,2024-02-12,ETWO,bullish
2024-02-12,2024-02-12,BLDR,bullish
2024-02-12,2024-02-12,GCT,bullish
2024-02-12,2024-02-12,VNDA,bullish
2024-02-28,2024-02-12,PYPL,bullish
2024-02-12,2024-02-12,SE,bullish
2024-02-12,2024-02-12,MSFT,bullish
2024-02-12,2024-02-12,CAVA,bullish
2024-02-12,2024-02-12,FRPT,bearish
2025-01-17,2024-02-13,LDNXF,bullish
2024-02-13,2024-02-13,ZI,bullish
2024-02-13,2024-02-13,KNSL,bullish
2024-02-13,2024-02-13,TELL,bullish
2025-01-23,2024-02-13,NPSNY,bullish
2024-02-22,2024-02-13,ZTS,bullish
2024-02-13,2024-02-13,WISH,bullish
2024-02-28,2024-02-13,PYPL,bullish
2024-02-13,2024-02-13,AG,bearish
2024-02-13,2024-02-13,DHR,bullish
2024-03-05,2024-02-14,SOFI,bearish
2024-02-14,2024-02-14,AREC,bullish
2024-02-23,2024-02-14,AAL,bullish
2024-02-14,2024-02-14,SOFI,bullish
2024-02-15,2024-02-15,APP,bullish
2024-12-20,2024-02-15,AGNCP,bullish
2024-02-15,2024-02-15,VZIO,bullish
2024-03-11,2024-02-15,ALLY,bullish
2024-02-15,2024-02-15,HAS,bullish
2025-01-10,2024-02-15,MFCSF,bullish
2024-02-15,2024-02-15,CPNG,bullish
2024-02-26,2024-02-15,SUP,bullish
2024-02-21,2024-02-15,PM,bullish
2024-12-20,2024-02-15,NMYSF,bullish
2024-02-15,2024-02-15,XPER,bullish
2024-02-15,2024-02-15,NVO,bullish
2024-02-15,2024-02-15,CLS,bullish
2025-02-03,2024-02-15,RDCPF,bullish
2024-02-15,2024-02-15,MPLX,bullish
2024-02-26,2024-02-15,IDT,bullish
2024-02-16,2024-02-15,ET,bullish
2024-02-15,2024-02-15,ONTF,bullish
2025-01-15,2024-02-15,TRRVF,bullish
2024-02-16,2024-02-16,PAYO,bullish
2024-02-16,2024-02-16,CMI,bullish
2024-03-18,2024-02-18,CCSI,bullish
2024-02-20,2024-02-19,BTI,bullish
2024-12-20,2024-02-19,UNIF,bullish
2025-01-02,2024-02-19,IVFH,bullish
2024-03-08,2024-02-19,IFF,bullish
2024-02-20,2024-02-19,VIRT,bullish
2024-02-21,2024-02-19,SN,bullish
2024-02-20,2024-02-19,IMXI,bullish
2024-03-07,2024-02-20,STNG,bullish
2024-12-02,2024-02-20,MTBA,bullish
2024-02-20,2024-02-20,PPSI,bullish
2025-02-19,2024-02-20,MGYR,bullish
2024-02-20,2024-02-20,JMIA,bullish
2025-01-23,2024-02-20,PROSY,bullish
2024-02-20,2024-02-20,STM,bullish
2024-04-05,2024-02-21,META,bullish
2024-03-06,2024-02-21,AER,bullish
2024-02-22,2024-02-21,O,bullish
2024-02-21,2024-02-21,QRTEA,bullish
2024-03-06,2024-02-21,TXRH,bearish
2024-02-21,2024-02-21,CFLT,bullish
2024-02-22,2024-02-22,AZN,bullish
2024-02-22,2024-02-22,SND,bullish
2024-03-01,2024-02-22,SIX,bullish
2024-02-29,2024-02-22,MRVL,bullish
2024-05-14,2024-02-22,NLOP,bullish
2024-02-23,2024-02-22,NVDA,bullish
2024-02-23,2024-02-23,DESP,bullish
2024-02-23,2024-02-23,BIDU,bullish
2025-01-23,2024-02-23,FIHL,bullish
2024-03-21,2024-02-23,MELI,bullish
2024-02-28,2024-02-23,PYPL,bullish
2024-02-23,2024-02-23,RTH,bullish
2024-02-23,2024-02-23,BUR,bullish
2025-01-13,2024-02-23,SODI,bullish
2024-03-08,2024-02-23,CPS,bullish
2024-02-23,2024-02-23,BABA,bullish
2024-02-23,2024-02-23,FOSL,bullish
2024-02-26,2024-02-23,WRBY,bearish
2024-02-26,2024-02-24,EAF,bullish
2024-02-26,2024-02-24,JOE,bullish
2024-03-01,2024-02-24,SPR,bullish
2024-02-26,2024-02-25,LVTX,bullish
2024-02-26,2024-02-25,VMEO,bullish
2024-02-26,2024-02-25,QUIK,bullish
2024-02-26,2024-02-25,PEP,bearish
2024-02-26,2024-02-25,VRTX,bullish
2024-03-04,2024-02-25,SKYH,bullish
2024-03-12,2024-02-25,GLBE,bullish
2024-02-29,2024-02-26,CZR,bullish
2024-02-26,2024-02-26,ROOT,bullish
2024-02-26,2024-02-26,VMEO,bullish
2024-02-26,2024-02-26,LTRPA,bullish
2024-02-29,2024-02-26,DRVN,bullish
2024-02-27,2024-02-27,ZM,bullish
2025-01-06,2024-02-27,RMT,bullish
2024-03-11,2024-02-28,ALLY,bullish
2024-02-28,2024-02-28,LTRPA,bullish
2024-03-13,2024-02-28,GOOGL,bullish
2024-02-28,2024-02-28,PK,bullish
2024-03-01,2024-02-29,RICK,bullish
2024-02-29,2024-02-29,TCS,bullish
2024-03-25,2024-02-29,SNOW,bullish
2024-03-01,2024-03-01,HPP,bearish
2024-03-01,2024-03-01,HIMS,bullish
2024-03-26,2024-03-01,ZS,bullish
2024-03-01,2024-03-01,LMNR,bullish
2024-03-08,2024-03-01,GOGO,bullish
2024-03-11,2024-03-01,BELFB,bullish
2024-03-01,2024-03-01,SQ,bullish
2024-12-20,2024-03-03,CYAN,bullish
2024-03-08,2024-03-03,WBD,bullish
2024-03-07,2024-03-03,PL,bullish
2024-03-04,2024-03-03,CPRT,bullish
2024-03-04,2024-03-04,LI,bullish
2024-03-04,2024-03-04,OPRA,bullish
2024-04-24,2024-03-04,NTES,bullish
2024-03-05,2024-03-05,PYPL,bullish
2024-03-19,2024-03-05,DAVA,bullish
2024-12-20,2024-03-05,SKAS,bullish
2024-03-07,2024-03-05,MNDY,bullish
2024-03-06,2024-03-06,NEWT,bullish
2024-03-15,2024-03-06,QIPT,bullish
2024-03-06,2024-03-06,CRM,bullish
2024-03-06,2024-03-06,AIA,bullish
2024-03-06,2024-03-06,TWLO,bullish
2024-04-29,2024-03-06,CRWD,bullish
2024-03-06,2024-03-06,XPOF,bullish
2024-03-07,2024-03-07,ARM,bearish
2024-07-18,2024-03-07,KSPI,bullish
2024-05-22,2024-03-07,NYCB,bearish
2024-03-07,2024-03-07,ACHR,bearish
2024-12-20,2024-03-07,CURLF,bullish
2024-03-08,2024-03-08,CCCS,bullish
2025-01-21,2024-03-08,SMLR,bullish
2024-03-08,2024-03-08,VMD,bullish
2024-04-09,2024-03-08,ASAN,bullish
2024-12-20,2024-03-09,AMNF,bullish
2024-03-22,2024-03-10,CPRI,bearish
2024-03-20,2024-03-10,SBNY,bullish
2024-12-30,2024-03-11,NAII,bullish
2024-03-14,2024-03-11,MSFT,bullish
2024-03-22,2024-03-11,RSG,bullish
2024-03-11,2024-03-11,AL,bullish
2024-03-11,2024-03-11,STNG,bullish
2024-03-12,2024-03-12,ORCL,bullish
2025-01-06,2024-03-12,NEPH,bullish
2024-03-12,2024-03-12,TSM,bullish
2024-03-12,2024-03-12,TSM,bullish
2024-03-21,2024-03-13,GRFS,bullish
2024-04-08,2024-03-13,SHC,bullish
2024-03-13,2024-03-13,CALM,bullish
2024-03-15,2024-03-14,NCMI,bullish
2024-04-03,2024-03-14,PRPL,bullish
2024-04-05,2024-03-14,S,bullish
2024-04-04,2024-03-14,ENFN,bearish
2024-03-26,2024-03-14,FL,bullish
2024-04-23,2024-03-15,SKYW,bullish
2024-03-15,2024-03-15,ORCL,bullish
2024-03-20,2024-03-16,DAC,bullish
2024-05-03,2024-03-16,SPHR,bullish
2024-03-22,2024-03-17,RUM,bearish
2024-03-26,2024-03-17,CASH,bullish
2024-03-18,2024-03-17,DB,bullish
2024-03-18,2024-03-17,PYPL,bullish
2024-03-20,2024-03-18,XMTR,bullish
2024-03-21,2024-03-18,TTC,bullish
2024-03-27,2024-03-18,SOFI,bullish
2024-03-18,2024-03-18,EB,bullish
2024-03-18,2024-03-18,HIMS,bullish
2024-04-24,2024-03-18,SLVM,bullish
2024-04-10,2024-03-18,BABA,bullish
2024-03-19,2024-03-19,GLBE,bullish
2024-03-20,2024-03-19,DOYU,bullish
2024-11-04,2024-03-19,FTLF,bearish
2024-03-22,2024-03-19,SPSC,bullish
2024-03-22,2024-03-20,JRVR,bullish
2024-03-20,2024-03-20,EQIX,bearish
2024-05-06,2024-03-20,CRM,bullish
2024-03-21,2024-03-21,SN,bullish
2024-03-26,2024-03-21,HSY,bearish
2024-04-25,2024-03-21,ABNB,bullish
2024-03-21,2024-03-21,RYAAY,bullish
2024-03-25,2024-03-21,AVGO,bullish
2024-03-22,2024-03-22,SMLP,bullish
2024-04-17,2024-03-22,LFVN,bullish
2024-04-15,2024-03-22,SPRB,bullish
2024-04-09,2024-03-22,YRD,bullish
2024-03-28,2024-03-24,ACRS,bullish
2024-03-25,2024-03-24,EG,bullish
2024-03-25,2024-03-24,GEO,bullish
2024-03-25,2024-03-24,MPW,bearish
2024-03-27,2024-03-24,IAC,bullish
2024-03-25,2024-03-25,LNC,bullish
2024-03-26,2024-03-26,PINS,bullish
2024-04-12,2024-03-26,DFIN,bullish
2024-03-26,2024-03-26,TIGO,bullish
2024-03-27,2024-03-27,RH,bullish
2024-03-27,2024-03-27,JPM,bullish
2024-04-02,2024-03-27,DKS,bearish
2024-04-29,2024-03-27,ULTA,bullish
2024-04-09,2024-03-27,BA,bearish
2024-11-04,2024-03-28,DLVHF,bearish
2024-03-28,2024-03-28,NNI,bullish
2024-04-25,2024-03-28,CFLT,bullish
2024-05-02,2024-03-28,QCOM,bullish
2024-03-28,2024-03-28,BLBD,bullish
2024-05-07,2024-03-28,PKG,bullish
2024-04-16,2024-03-29,HUMA,bullish
2024-12-26,2024-03-30,SBFM,bullish
2024-04-18,2024-03-31,LULU,bullish
2024-11-22,2024-03-31,MATH,bullish
2025-01-08,2024-03-31,RBGLY,bullish
2024-05-08,2024-03-31,OTIS,bullish
2024-04-01,2024-03-31,LILAK,bullish
2024-05-06,2024-03-31,CRM,bullish
2024-06-07,2024-04-01,VSCO,bearish
2024-04-03,2024-04-01,AMZN,bullish
2024-05-06,2024-04-01,MSFT,bullish
2024-04-02,2024-04-02,JXN,bullish
2024-04-03,2024-04-03,IGIC,bullish
2024-04-11,2024-04-03,ARDX,bullish
2024-04-18,2024-04-03,LULU,bullish
2024-04-30,2024-04-03,BLZE,bullish
2024-04-03,2024-04-03,SSTI,bullish
2024-12-20,2024-04-04,CREX,bullish
2025-01-03,2024-04-04,HRBR,bullish
2024-04-04,2024-04-04,GOGO,bullish
2024-04-12,2024-04-04,MQ,bearish
2025-08-08,2024-04-05,OMDA,bullish
2024-04-05,2024-04-05,IHRT,bullish
2024-04-10,2024-04-05,SMG,bearish
2024-04-05,2024-04-05,SPWH,bullish
2024-04-08,2024-04-06,META,bullish
2024-04-08,2024-04-06,DOOO,bullish
2024-04-10,2024-04-06,CPNG,bullish
2024-04-08,2024-04-07,HROW,bullish
2024-04-11,2024-04-07,DESP,bullish
2024-12-20,2024-04-07,CARD,bullish
2024-04-08,2024-04-08,GTLB,bullish
2024-04-08,2024-04-08,APP,bullish
2024-04-25,2024-04-08,PAG,bullish
2024-04-23,2024-04-08,PRDO,bullish
2024-04-08,2024-04-08,HITI,bullish
2024-04-08,2024-04-08,WYNN,bullish
2024-12-20,2024-04-08,VPRB,bullish
2024-04-08,2024-04-08,VYX,bullish
2024-04-25,2024-04-08,GTX,bullish
2024-05-30,2024-04-09,MTDR,bullish
2024-05-06,2024-04-09,HMC,bullish
2024-04-24,2024-04-09,OKE,bullish
2024-04-12,2024-04-09,AGX,bullish
2024-12-23,2024-04-09,ZTSTF,bullish
2024-04-12,2024-04-09,PSNY,bearish
2024-04-23,2024-04-10,PPL,bullish
2024-04-30,2024-04-10,NXT,bullish
2024-11-04,2024-04-10,PODC,bearish
2024-04-10,2024-04-10,LEU,bullish
2024-05-10,2024-04-11,TGT,bullish
2024-04-11,2024-04-11,GL,bearish
2024-05-01,2024-04-11,TGTX,bullish
2024-04-11,2024-04-11,MU,bullish
2024-04-23,2024-04-11,RKLB,bullish
2024-11-04,2024-04-11,MGRM,bearish
2024-04-15,2024-04-12,CRDO,bearish
2024-04-12,2024-04-12,QDEL,bullish
2024-04-12,2024-04-12,gdxj,bullish
2024-04-23,2024-04-14,DAL,bullish
2024-04-29,2024-04-15,UAN,bullish
2024-04-23,2024-04-15,MOMO,bullish
2024-05-03,2024-04-15,NU,bullish
2024-05-10,2024-04-16,SRAD,bullish
2024-04-29,2024-04-16,PYPL,bullish
2024-05-06,2024-04-16,APP,bullish
2024-04-23,2024-04-16,LMNR,bullish
2024-04-18,2024-04-16,DAWN,bullish
2024-04-23,2024-04-16,JOBY,bullish
2024-05-01,2024-04-16,AXTA,bullish
2024-04-24,2024-04-16,ZM,bullish
2024-05-07,2024-04-17,RTO,bullish
2024-05-21,2024-04-17,XPEL,bullish
2024-05-10,2024-04-17,DG,bullish
2024-05-17,2024-04-17,CAAS,bullish
2024-05-07,2024-04-17,SMCI,bullish
2024-04-23,2024-04-18,SOFI,bullish
2024-04-22,2024-04-18,LPLA,bullish
2024-04-18,2024-04-18,LEV,bearish
2024-04-18,2024-04-18,ZUO,bullish
2024-04-18,2024-04-18,UNH,bullish
2024-04-18,2024-04-18,PRI,bearish
2024-05-09,2024-04-19,BMRA,bullish
2024-12-20,2024-04-19,PXS,bullish
2024-04-19,2024-04-19,JRVR,bullish
2024-04-23,2024-04-19,FA,bullish
2024-04-24,2024-04-20,DDOG,bullish
2025-01-17,2024-04-20,FRMO,bullish
2024-04-24,2024-04-21,AGR,bullish
2024-05-03,2024-04-22,WDAY,bullish
2024-05-06,2024-04-22,TZOO,bullish
2024-05-14,2024-04-22,BCC,bullish
2024-05-03,2024-04-23,CDLX,bullish
2024-04-29,2024-04-23,WSC,bullish
2024-11-04,2024-04-24,BSTT,bearish
2024-05-07,2024-04-24,ADTH,bullish
2024-05-03,2024-04-25,TSM,bullish
2024-05-09,2024-04-26,CP,bullish
2024-05-13,2024-04-28,KNSL,bullish
2024-12-23,2024-04-28,SGRP,bullish
2024-05-06,2024-04-28,NFLX,bullish
2024-05-08,2024-04-28,META,bullish
2024-07-18,2024-04-28,KSPI,bullish
2024-05-06,2024-04-29,MBUU,bullish
2024-05-06,2024-04-29,X,bullish
2024-04-30,2024-04-30,AWRE,bullish
2024-05-01,2024-05-01,LAUR,bullish
2024-05-22,2024-05-01,EXPI,bearish
2024-05-16,2024-05-01,SBUX,bullish
2024-05-01,2024-05-01,COIN,bearish
2024-05-01,2024-05-01,AMT,bullish
2024-05-01,2024-05-01,SHCR,bullish
2024-05-03,2024-05-03,NET,bearish
2024-05-06,2024-05-04,DKNG,bullish
2024-05-30,2024-05-04,DFH,bullish
2024-05-09,2024-05-06,SQ,bullish
2024-05-07,2024-05-07,NOTE,bullish
2024-12-26,2024-05-07,FGPRB,bullish
2024-05-10,2024-05-07,PLTR,bearish
2024-11-12,2024-05-07,CCRD,bullish
2024-05-21,2024-05-08,DDOG,bullish
2024-05-08,2024-05-08,QRTEA,bullish
2024-05-08,2024-05-08,MIND,bullish
2024-06-21,2024-05-09,FIVN,bullish
2024-05-28,2024-05-10,EVLV,bullish
2024-05-14,2024-05-10,SOFI,bullish
2024-05-23,2024-05-10,GXO,bearish
2024-05-10,2024-05-10,SRTS,bullish
2024-05-10,2024-05-10,MPAA,bullish
2024-05-31,2024-05-10,AMPY,bullish
2024-05-10,2024-05-10,ESAB,bullish
2024-05-13,2024-05-11,OFIX,bullish
2024-05-13,2024-05-12,NU,bullish
2024-05-13,2024-05-13,CLH,bullish
2024-05-13,2024-05-13,DCO,bullish
2024-05-14,2024-05-14,PODD,bearish
2025-01-21,2024-05-14,HIFS,bullish
2024-05-14,2024-05-14,VTSI,bullish
2024-05-14,2024-05-14,DE,bullish
2025-02-13,2024-05-14,RSSS,bullish
2024-05-14,2024-05-14,IGIC,bullish
2024-05-15,2024-05-15,STKL,bearish
2024-05-15,2024-05-15,INBX,bullish
2024-12-31,2024-05-15,SYZLF,bullish
2024-05-15,2024-05-15,FLL,bullish
2024-05-15,2024-05-15,NGVC,bullish
2024-05-15,2024-05-15,CCLD,bullish
2024-05-16,2024-05-16,SMWB,bullish
2024-12-20,2024-05-16,SOWG,bullish
2025-01-02,2024-05-18,KEWL,bullish
2024-05-20,2024-05-19,FFNW,bullish
2024-06-06,2024-05-19,ZI,bullish
2024-05-30,2024-05-19,SGU,bullish
2024-05-20,2024-05-19,MELI,bullish
2024-05-20,2024-05-19,ZM,bullish
2024-05-30,2024-05-21,PLTR,bullish
2024-06-04,2024-05-21,MSGS,bullish
2024-05-21,2024-05-21,MSCI,bullish
2025-01-03,2024-05-21,COKE,bullish
2024-05-21,2024-05-21,TTC,bearish
2024-05-21,2024-05-21,MGPI,bearish
2024-05-29,2024-05-22,SKWD,bullish
2024-06-05,2024-05-22,FF,bullish
2024-05-22,2024-05-22,MSFT,bullish
2024-05-23,2024-05-23,HCKT,bullish
2025-01-02,2024-05-23,VOXR,bullish
2024-05-24,2024-05-23,ASPN,bullish
2024-06-10,2024-05-23,CNH,bullish
2024-05-24,2024-05-23,SNOW,bearish
2024-05-23,2024-05-23,OTEX,bullish
2024-07-05,2024-05-23,TMDX,bullish
2024-05-23,2024-05-23,AYTU,bullish
2024-05-29,2024-05-24,DUOL,bullish
2024-06-17,2024-05-25,WDAY,bullish
2024-05-28,2024-05-25,EXPE,bullish
2024-05-28,2024-05-26,FUN,bullish
2026-04-16,2024-05-26,AMS,bullish
2024-12-27,2024-05-26,ALAR,bullish
2024-05-28,2024-05-28,ADMA,bullish
2024-05-31,2024-05-28,CHRD,bullish
2024-05-30,2024-05-29,NNBR,bullish
2025-01-02,2024-05-29,IKNA,bullish
2024-06-07,2024-05-29,MNST,bullish
2024-05-30,2024-05-30,FFIV,bullish
2024-12-20,2024-05-30,MRLWF,bullish
2024-05-30,2024-05-30,GASS,bullish
2024-05-30,2024-05-30,GO,bullish
2024-06-07,2024-05-31,AZO,bullish
2024-05-31,2024-05-31,HNRG,bullish
2024-07-15,2024-06-01,TWKS,bullish
2024-06-03,2024-06-01,PTLO,bullish
2024-07-10,2024-06-02,FUTU,bullish
2024-07-01,2024-06-02,IBKR,bullish
2024-06-03,2024-06-02,HIMS,bullish
2024-06-12,2024-06-02,ICHR,bullish
2024-07-02,2024-06-03,GDDY,bullish
2024-06-21,2024-06-03,NU,bullish
2024-06-04,2024-06-03,DENN,bullish
2024-06-03,2024-06-03,IBIO,bullish
2025-01-02,2024-06-04,IVFH,bullish
2024-06-04,2024-06-04,GFF,bearish
2024-06-04,2024-06-04,HIMS,bullish
2024-06-05,2024-06-05,CORZ,bullish
2024-06-05,2024-06-05,TWST,bullish
2024-06-05,2024-06-05,LULU,bullish
2024-06-17,2024-06-05,CMPO,bullish
2024-06-18,2024-06-06,MNY,bullish
2024-06-17,2024-06-06,PAR,bullish
2024-06-06,2024-06-06,KD,bearish
2024-06-24,2024-06-06,FLUT,bullish
2024-06-21,2024-06-06,LMND,bullish
2024-06-12,2024-06-06,NICE,bullish
2024-06-06,2024-06-06,BYFC,bullish
2026-04-02,2024-06-06,LSF,bullish
2024-06-17,2024-06-07,CP,bullish
2024-06-07,2024-06-07,HII,bullish
2024-07-10,2024-06-07,APTV,bullish
2024-12-20,2024-06-09,CREX,bullish
2024-06-10,2024-06-09,ULTA,bullish
2024-06-14,2024-06-10,S,bullish
2024-06-24,2024-06-10,WAL,bullish
2024-06-18,2024-06-10,LFUS,bullish
2024-07-15,2024-06-10,NATL,bullish
2024-06-11,2024-06-11,SOFI,bullish
2024-06-11,2024-06-11,MRX,bullish
2024-06-11,2024-06-11,VNDA,bullish
2024-06-11,2024-06-11,CORZ,bullish
2024-06-11,2024-06-11,IMXI,bullish
2024-06-13,2024-06-11,SE,bullish
2024-06-12,2024-06-12,ORCL,bullish
2024-06-28,2024-06-12,TH,bullish
2024-07-09,2024-06-12,TIPT,bullish
2024-06-13,2024-06-13,ASML,bullish
2024-06-21,2024-06-13,LSAK,bullish
2024-06-14,2024-06-13,SLS,bullish
2024-06-14,2024-06-14,OVID,bullish
2024-06-14,2024-06-14,NFLX,bullish
2024-06-27,2024-06-14,SIFY,bullish
2024-06-26,2024-06-14,IESC,bullish
2024-09-04,2024-06-14,ATAT,bullish
2024-06-14,2024-06-14,QD,bullish
2024-12-31,2024-06-14,BRFH,bullish
2024-06-14,2024-06-14,RAVE,bullish
2025-01-22,2024-06-14,DEFTF,bullish
2024-06-14,2024-06-14,TSM,bullish
2024-06-24,2024-06-14,EQC,bullish
2024-06-17,2024-06-15,DE,bullish
2024-06-17,2024-06-16,WULF,bullish
2024-06-24,2024-06-16,WS,bullish
2024-07-11,2024-06-17,KMT,bullish
2024-06-18,2024-06-17,TTD,bullish
2024-06-17,2024-06-17,EVRI,bullish
2024-06-17,2024-06-17,AVGO,bullish
2024-12-20,2024-06-17,OPXS,bullish
2024-06-28,2024-06-17,LC,bullish
2024-06-17,2024-06-17,GLW,bullish
2024-06-20,2024-06-17,BP,bullish
2024-07-10,2024-06-18,EPM,bullish
2024-07-09,2024-06-18,HUMA,bullish
2024-06-18,2024-06-18,DRI,bullish
2024-06-26,2024-06-18,STLA,bullish
2024-07-10,2024-06-18,YUMC,bullish
2024-09-03,2024-06-20,EIGRQ,bullish
2024-11-04,2024-06-20,DEFTF,bearish
2024-06-21,2024-06-20,SBAC,bullish
2024-06-20,2024-06-20,MPLX,bullish
2024-07-09,2024-06-21,COLD,bullish
2024-06-24,2024-06-22,LSXMA,bullish
2024-06-24,2024-06-22,GPN,bullish
2024-06-24,2024-06-23,AAT,bullish
2024-06-24,2024-06-23,VEEV,bullish
2024-06-24,2024-06-24,GLNG,bullish
2024-06-24,2024-06-24,GLNG,bullish
2024-06-24,2024-06-24,MAX,bearish
2024-07-01,2024-06-24,PERI,bullish
2024-06-28,2024-06-24,SOFI,bullish
2024-06-25,2024-06-24,VLO,bullish
2024-06-28,2024-06-24,BN,bullish
2024-06-26,2024-06-25,RGS,bullish
2024-06-25,2024-06-25,ALIT,bullish
2024-06-26,2024-06-26,UGI,bullish
2024-07-25,2024-06-26,HIMS,bullish
2024-06-26,2024-06-26,TZOO,bullish
2024-08-19,2024-06-26,CORZ,bullish
2024-08-13,2024-06-26,MU,bullish
2024-06-26,2024-06-26,TSLA,bullish
2024-06-26,2024-06-26,TEAM,bullish
2024-08-12,2024-06-26,SE,bullish
2024-06-28,2024-06-27,THO,bullish
2024-07-10,2024-06-27,RLAY,bullish
2024-08-13,2024-06-27,MU,bullish
2024-06-28,2024-06-28,RGS,bullish
2024-07-12,2024-06-28,NXT,bullish
2024-07-11,2024-06-29,WCC,bullish
2024-07-01,2024-06-30,NKE,bearish
2024-08-13,2024-06-30,NVDA,bullish
2024-07-05,2024-06-30,TMDX,bullish
2024-07-11,2024-06-30,SNA,bullish
2024-07-18,2024-06-30,KSPI,bullish
2024-07-01,2024-06-30,FOUR,bullish
2024-07-09,2024-06-30,PLAY,bullish
2024-07-03,2024-06-30,NEM,bullish
2024-07-02,2024-07-01,TIGO,bullish
2024-07-08,2024-07-01,TDW,bullish
2024-12-20,2024-07-01,KMRPF,bullish
2024-07-01,2024-07-01,FND,bearish
2024-07-03,2024-07-01,CRON,bullish
2024-07-01,2024-07-01,S,bullish
2024-07-05,2024-07-01,RBRK,bullish
2024-07-01,2024-07-01,LILA,bullish
2024-07-01,2024-07-01,LULU,bullish
2024-07-01,2024-07-01,NTES,bullish
2024-07-01,2024-07-01,AMPH,bearish
2024-07-01,2024-07-01,GOLD,bullish
2024-07-02,2024-07-02,LULU,bullish
2024-12-20,2024-07-02,WPLCF,bullish
2024-07-09,2024-07-02,RCM,bullish
2024-07-02,2024-07-02,BRZE,bullish
2024-07-10,2024-07-02,DQ,bullish
2024-07-15,2024-07-03,ARDX,bullish
2024-07-03,2024-07-03,BRBR,bullish
2024-07-03,2024-07-03,MITK,bullish
2024-07-05,2024-07-04,BTU,bullish
2024-07-10,2024-07-04,FOA,bullish
2024-07-05,2024-07-04,CCB,bullish
2024-12-20,2024-07-04,PBBK,bullish
2026-05-06,2024-07-04,JOB,bullish
2024-07-08,2024-07-06,FDX,bullish
2024-07-08,2024-07-07,ICE,bullish
2024-07-08,2024-07-08,NPO,bullish
2024-07-10,2024-07-08,FARM,bullish
2024-07-08,2024-07-08,SOHU,bullish
2024-07-15,2024-07-08,JBT,bullish
2024-07-09,2024-07-08,RCM,bullish
2024-07-16,2024-07-08,VMI,bullish
2024-08-26,2024-07-09,SILA,bullish
2024-07-09,2024-07-09,APP,bullish
2024-07-09,2024-07-09,PAR,bullish
2024-12-26,2024-07-09,CZBS,bullish
2024-12-20,2024-07-09,CURN,bullish
2024-07-09,2024-07-09,DBI,bullish
2025-01-07,2024-07-09,UBAB,bullish
2024-07-12,2024-07-09,ARW,bullish
2024-07-16,2024-07-10,APD,bullish
2024-07-10,2024-07-10,RCAT,bullish
2024-12-31,2024-07-10,HLVX,bullish
2024-07-22,2024-07-10,ORLY,bullish
2025-08-14,2024-07-10,BLBRF,bullish
2024-07-10,2024-07-10,UAN,bullish
2024-07-10,2024-07-10,DAWN,bullish
2024-07-15,2024-07-11,WH,bullish
2024-07-12,2024-07-12,RGS,bullish
2024-12-31,2024-07-12,AUCUF,bullish
2024-07-15,2024-07-13,TIL,bullish
2024-07-15,2024-07-13,TCX,bullish
2024-07-15,2024-07-14,NEM,bullish
2024-07-15,2024-07-14,HAS,bullish
2024-08-15,2024-07-14,AMZN,bullish
2024-07-16,2024-07-14,DIS,bullish
2024-12-23,2024-07-14,DGICB,bullish
2025-01-06,2024-07-15,ASHTY,bullish
2024-07-16,2024-07-15,ESI,bullish
2024-07-15,2024-07-15,MTCH,bullish
2024-07-15,2024-07-15,APP,bullish
2024-07-15,2024-07-15,ALGM,bullish
2026-04-02,2024-07-15,LSF,bullish
2024-08-01,2024-07-15,MSTR,bearish
2024-07-15,2024-07-15,CWCO,bullish
2024-07-15,2024-07-15,IDCC,bullish
2024-07-15,2024-07-15,BLMN,bullish
2024-07-15,2024-07-15,XPOF,bullish
2024-07-16,2024-07-16,ODD,bullish
2024-12-20,2024-07-16,CLCO,bullish
2024-07-16,2024-07-16,VALE,bullish
2024-07-17,2024-07-17,BERY,bullish
2024-12-04,2024-07-17,VEOEY,bullish
2024-07-17,2024-07-17,DAVE,bullish
2024-07-17,2024-07-17,EPAM,bullish
2024-07-17,2024-07-17,TR,bullish
2024-07-18,2024-07-18,ACET,bullish
2024-07-18,2024-07-18,IGIC,bullish
2024-08-09,2024-07-19,CRWD,bullish
2024-08-09,2024-07-19,CRWD,bullish
2024-07-19,2024-07-19,MCFT,bullish
2025-01-17,2024-07-19,PLBC,bullish
2024-07-19,2024-07-19,GD,bullish
2024-07-19,2024-07-19,LMT,bullish
2024-08-07,2024-07-19,FTNT,bullish
2024-08-15,2024-07-19,MCHP,bullish
2026-04-02,2024-07-21,LSF,bullish
2024-07-22,2024-07-21,CRI,bullish
2024-07-25,2024-07-21,PBH,bearish
2024-07-22,2024-07-21,UL,bullish
2024-07-22,2024-07-22,NDAQ,bullish
2024-07-22,2024-07-22,DHR,bullish
2024-07-26,2024-07-22,KNSL,bullish
2024-07-22,2024-07-22,CRM,bullish
2024-11-04,2024-07-22,SUNS,bullish
2024-07-23,2024-07-23,DLTR,bullish
2024-08-12,2024-07-23,ONTO,bullish
2025-02-06,2024-07-23,ITMSF,bullish
2024-07-23,2024-07-23,TUSK,bullish
2024-07-24,2024-07-24,ACI,bullish
2024-08-05,2024-07-24,OTTR,bearish
2024-07-26,2024-07-24,WLK,bearish
2024-07-29,2024-07-24,ATKR,bearish
2024-07-25,2024-07-25,GENI,bullish
2024-08-12,2024-07-25,COP,bullish
2024-07-25,2024-07-25,RNLX,bullish
2024-08-20,2024-07-25,EGRX,bullish
2024-12-30,2024-07-26,PTALF,bullish
2024-07-26,2024-07-26,DXPE,bullish
2024-07-26,2024-07-26,DCTH,bullish
2024-07-26,2024-07-26,AAP,bullish
2024-07-26,2024-07-26,MYO,bullish
2024-08-16,2024-07-28,CIVI,bullish
2024-07-30,2024-07-28,BLCO,bullish
2024-08-06,2024-07-28,PDD,bullish
2024-07-29,2024-07-28,ENPH,bullish
2024-07-29,2024-07-28,AXP,bullish
2024-08-02,2024-07-28,FIVE,bullish
2024-07-29,2024-07-29,AON,bullish
2024-08-12,2024-07-29,SE,bullish
2024-07-29,2024-07-29,NLOP,bullish
2024-08-02,2024-07-29,TIGO,bullish
2024-08-15,2024-07-29,TPR,bullish
2024-08-06,2024-07-29,SNA,bearish
2024-08-19,2024-07-29,CP,bullish
2024-08-05,2024-07-30,ASAI,bullish
2024-07-30,2024-07-30,SCI,bullish
2024-07-30,2024-07-30,LFMD,bullish
2024-07-30,2024-07-30,RCAT,bullish
2024-08-13,2024-07-30,KLG,bearish
2024-08-13,2024-07-30,MRVL,bullish
2024-07-30,2024-07-30,CNH,bullish
2024-08-16,2024-07-31,TGT,bullish
2025-01-27,2024-07-31,TIHRF,bullish
2024-07-31,2024-07-31,SBUX,bullish
2024-08-21,2024-08-01,ABNB,bullish
2024-08-01,2024-08-01,BABA,bullish
2024-08-02,2024-08-02,CVEO,bullish
2024-08-15,2024-08-02,AMZN,bullish
2024-08-20,2024-08-03,INTC,bullish
2024-08-21,2024-08-04,HIMS,bullish
2024-08-05,2024-08-04,PYPL,bullish
2024-08-15,2024-08-04,AXP,bullish
2024-11-04,2024-08-05,BELFA,bearish
2024-08-07,2024-08-05,AXON,bullish
2024-08-19,2024-08-05,OTIS,bullish
2024-08-05,2024-08-05,PACK,bullish
2024-08-15,2024-08-07,RELL,bullish
2024-08-13,2024-08-07,CRH,bullish
2024-08-15,2024-08-08,EGAN,bullish
2024-08-08,2024-08-08,FNCH,bullish
2024-08-12,2024-08-08,APP,bullish
2024-12-31,2024-08-08,GLASF,bullish
2025-01-21,2024-08-08,HIFS,bullish
2024-08-22,2024-08-08,GFF,bullish
2024-08-26,2024-08-09,PETS,bullish
2024-08-09,2024-08-09,UBER,bullish
2024-08-15,2024-08-10,ESTC,bullish
2024-08-15,2024-08-10,AMZN,bullish
2024-09-13,2024-08-10,LILAK,bullish
2024-10-24,2024-08-10,LB,bullish
2024-08-22,2024-08-10,ATKR,bullish
2024-08-21,2024-08-11,ABNB,bullish
2024-08-19,2024-08-11,QRHC,bullish
2024-08-12,2024-08-11,LW,bullish
2024-08-13,2024-08-11,RELY,bullish
2024-08-19,2024-08-12,CPS,bullish
2025-01-06,2024-08-12,GEODF,bullish
2024-08-12,2024-08-12,EDU,bullish
2024-08-27,2024-08-12,FROG,bullish
2024-08-12,2024-08-12,ASAI,bullish
2024-11-04,2024-08-13,STRM,bullish
2024-08-16,2024-08-13,LASR,bullish
2025-01-15,2024-08-13,DBOEY,bullish
2024-08-14,2024-08-14,MEDP,bullish
2024-08-21,2024-08-14,WBD,bullish
2024-08-23,2024-08-14,BROS,bullish
2024-08-14,2024-08-14,BKNG,bullish
2024-08-21,2024-08-14,LHX,bullish
2024-08-14,2024-08-14,OSCR,bullish
2024-08-15,2024-08-14,CRON,bullish
2024-08-15,2024-08-15,PLTR,bullish
2024-08-15,2024-08-15,SE,bullish
2024-08-23,2024-08-15,GTN,bullish
2024-08-15,2024-08-15,NKE,bullish
2024-08-16,2024-08-16,BGFV,bullish
2024-12-31,2024-08-16,HOEGF,bullish
2024-08-16,2024-08-16,AMZN,bullish
2024-08-19,2024-08-16,NAPA,bullish
2024-08-16,2024-08-16,KNSL,bullish
2024-08-21,2024-08-16,ABNB,bullish
2024-08-19,2024-08-17,RMTI,bullish
2024-08-30,2024-08-17,NRP,bullish
2024-08-19,2024-08-17,BA,bullish
2024-08-22,2024-08-18,ODFL,bullish
2024-08-19,2024-08-19,CXDO,bullish
2024-08-19,2024-08-19,APP,bullish
2024-12-27,2024-08-19,ALAR,bullish
2024-08-20,2024-08-20,PINS,bullish
2024-08-20,2024-08-20,PLTR,bullish
2024-08-23,2024-08-21,PAYC,bullish
2025-03-25,2024-08-21,SEG,bullish
2024-08-22,2024-08-21,OEC,bullish
2024-08-23,2024-08-23,IBKR,bullish
2024-10-17,2024-08-23,DNB,bullish
2024-08-26,2024-08-24,HAL,bullish
2024-08-26,2024-08-24,KFS,bullish
2025-01-06,2024-08-26,VBNK,bullish
2024-08-26,2024-08-26,WOW,bullish
2024-08-26,2024-08-26,GOSS,bullish
2024-08-28,2024-08-26,VIRC,bearish
2024-08-28,2024-08-27,SMCI,bearish
2024-08-27,2024-08-27,AMZN,bullish
2024-08-27,2024-08-27,SKYH,bullish
2024-12-20,2024-08-27,RJDG,bullish
2024-08-27,2024-08-27,HROW,bullish
2024-08-28,2024-08-28,PYPL,bullish
2024-12-30,2024-08-28,MAORF,bullish
2024-08-28,2024-08-28,IBTA,bullish
2024-11-04,2024-08-29,AILE,bearish
2024-08-29,2024-08-29,XMTR,bullish
2024-08-30,2024-08-30,SHAK,bearish
2024-12-31,2024-08-31,GENK,bullish
2024-09-03,2024-08-31,APO,bullish
2024-09-03,2024-09-01,ULTA,bullish
2024-09-03,2024-09-01,NU,bullish
2024-09-03,2024-09-02,APEI,bullish
2024-09-03,2024-09-02,SIRI,bullish
2026-04-02,2024-09-02,MPTI,bullish
2024-09-03,2024-09-02,ZIP,bullish
2024-09-03,2024-09-02,MAN,bullish
2024-09-03,2024-09-03,DUOL,bullish
2024-09-03,2024-09-03,DKNG,bullish
2024-09-26,2024-09-03,SUP,bullish
2024-09-03,2024-09-03,DUOL,bullish
2024-09-03,2024-09-03,V,bullish
2024-09-05,2024-09-03,HIMS,bullish
2024-09-03,2024-09-03,HITI,bullish
2024-09-03,2024-09-03,GO,bullish
2024-09-03,2024-09-03,ULTA,bullish
2024-09-12,2024-09-04,RELY,bullish
2025-01-16,2024-09-04,ULH,bullish
2024-11-04,2024-09-05,FTEL,bearish
2024-09-05,2024-09-05,FIVN,bearish
2024-09-05,2024-09-05,NSSC,bearish
2024-09-05,2024-09-05,ELMD,bullish
2024-12-20,2024-09-05,EUSP,bullish
2024-09-05,2024-09-05,EPR,bullish
2024-09-17,2024-09-06,AAP,bullish
2024-12-20,2024-09-07,VWAPY,bullish
2024-09-09,2024-09-08,TISI,bullish
2025-01-02,2024-09-08,SGMA,bullish
2024-09-16,2024-09-08,AXON,bullish
2024-09-18,2024-09-08,RUSHA,bullish
2024-09-18,2024-09-09,JAKK,bullish
2024-09-12,2024-09-09,MIND,bullish
2026-04-03,2024-09-09,NCL,bullish
2024-09-16,2024-09-09,GOOG,bullish
2024-09-10,2024-09-09,HRMY,bullish
2024-09-09,2024-09-09,GSHD,bearish
2024-09-09,2024-09-09,LW,bullish
2024-09-10,2024-09-10,PLAY,bullish
2026-04-02,2024-09-11,GLO,bullish
2024-09-11,2024-09-11,HIMS,bullish
2024-09-11,2024-09-11,VOXX,bullish
2024-09-18,2024-09-11,NSSC,bullish
2024-09-11,2024-09-11,VOXX,bullish
2024-09-24,2024-09-12,LSAK,bullish
2024-09-18,2024-09-12,RBC,bullish
2024-09-17,2024-09-13,JD,bullish
2024-10-04,2024-09-13,KSPI,bullish
2024-09-17,2024-09-14,FWRD,bullish
2024-09-18,2024-09-15,CMPO,bullish
2024-10-14,2024-09-15,CNA,bullish
2024-09-16,2024-09-16,GOOGL,bullish
2024-09-16,2024-09-16,W,bullish
2025-01-17,2024-09-16,FTLF,bullish
2024-09-16,2024-09-16,SDGR,bullish
2024-10-09,2024-09-16,MSI,bullish
2024-09-17,2024-09-17,AADI,bullish
2024-09-17,2024-09-17,TALK,bullish
2024-09-17,2024-09-17,FTCI,bullish
2024-09-19,2024-09-18,C,bullish
2024-09-18,2024-09-18,DLTR,bullish
2024-10-03,2024-09-18,HOOD,bearish
2024-10-14,2024-09-19,DAVA,bullish
2024-09-19,2024-09-19,SPOT,bullish
2024-12-20,2024-09-19,HRGG,bullish
2024-10-15,2024-09-19,WDAY,bullish
2024-09-19,2024-09-19,GTX,bullish
2024-12-23,2024-09-20,AENT,bullish
2024-10-14,2024-09-21,ADBE,bullish
2024-10-11,2024-09-21,KMB,bullish
2024-09-30,2024-09-21,INMB,bullish
2024-12-20,2024-09-21,FDSB,bullish
2024-12-27,2024-09-22,BAESY,bullish
2025-01-31,2024-09-22,TAVHY,bullish
2024-09-23,2024-09-22,UBER,bullish
2024-09-27,2024-09-23,SIRI,bullish
2024-09-23,2024-09-23,FOUR,bullish
2024-09-23,2024-09-23,LAUR,bullish
2024-09-23,2024-09-23,AVTE,bullish
2024-09-23,2024-09-23,IBTA,bullish
2024-09-23,2024-09-23,CZR,bullish
2024-10-16,2024-09-23,RDVT,bullish
2024-10-14,2024-09-23,SMWB,bullish
2024-09-27,2024-09-23,ARQ,bullish
2024-09-23,2024-09-23,OTIS,bullish
2024-10-15,2024-09-24,IDA,bullish
2025-01-16,2024-09-24,NTDOY,bullish
2024-09-24,2024-09-24,RGS,bullish
2024-09-24,2024-09-24,PLTR,bullish
2024-12-20,2024-09-24,BRID,bullish
2025-01-02,2024-09-24,IKNA,bullish
2024-09-24,2024-09-24,LRCX,bullish
2024-10-11,2024-09-25,KHC,bullish
2024-09-25,2024-09-25,METC,bullish
2024-09-25,2024-09-25,PPC,bearish
2024-09-25,2024-09-25,HCC,bullish
2026-04-06,2024-09-26,PPHC,bullish
2024-12-20,2024-09-26,TSSI,bullish
2024-10-07,2024-09-26,CUBI,bullish
2024-09-26,2024-09-26,CASY,bullish
2024-09-26,2024-09-26,LFCR,bullish
2024-09-26,2024-09-26,GLW,bullish
2024-10-14,2024-09-26,PCB,bullish
2024-10-16,2024-09-26,PSFE,bullish
2026-04-02,2024-09-27,BKTI,bullish
2024-09-27,2024-09-27,MANU,bullish
2024-10-03,2024-09-27,UVV,bearish
2024-09-27,2024-09-27,NXT,bullish
2024-09-27,2024-09-27,VSCO,bullish
2024-12-20,2024-09-29,CAFZF,bullish
2024-09-30,2024-09-29,SAVA,bearish
2024-10-11,2024-09-29,KINS,bullish
2024-09-30,2024-09-29,PBF,bullish
2024-10-04,2024-09-30,GRNT,bullish
2024-09-30,2024-09-30,ACMR,bullish
2024-09-30,2024-09-30,GOOG,bullish
2024-09-30,2024-09-30,LOGC,bullish
2024-10-08,2024-10-01,GRND,bullish
2024-10-07,2024-10-01,UPST,bullish
2024-11-26,2024-10-01,ASO,bullish
2024-10-01,2024-10-01,FSLR,bullish
2024-11-11,2024-10-01,IDXX,bullish
2024-10-18,2024-10-02,IMKTA,bullish
2025-01-22,2024-10-03,AMIGY,bullish
2024-10-03,2024-10-03,UFPT,bearish
2024-10-03,2024-10-03,BMY,bullish
2024-10-17,2024-10-03,CVS,bearish
2025-01-02,2024-10-04,WETH,bullish
2025-01-06,2024-10-04,ALCO,bullish
2024-11-22,2024-10-04,ra,bullish
2024-12-26,2024-10-04,HAFN,bullish
2024-10-04,2024-10-04,MCS,bullish
2024-10-07,2024-10-05,ZS,bullish
2024-10-15,2024-10-05,DKS,bullish
2024-10-07,2024-10-06,AFL,bullish
2024-12-31,2024-10-06,GENK,bullish
2025-01-10,2024-10-06,OTCM,bullish
2024-10-07,2024-10-06,IBKR,bullish
2024-10-14,2024-10-07,PATH,bullish
2024-10-07,2024-10-07,UPWK,bullish
2024-10-07,2024-10-07,PLYA,bullish
2024-10-09,2024-10-07,SEAT,bullish
2024-10-08,2024-10-07,BRAG,bullish
2024-10-08,2024-10-07,EW,bullish
2024-10-07,2024-10-07,PLAY,bullish
2024-10-08,2024-10-08,MEDP,bullish
2024-12-30,2024-10-08,CURB,bullish
2024-10-08,2024-10-08,OS,bullish
2024-10-18,2024-10-08,AS,bearish
2024-10-18,2024-10-08,MELI,bullish
2024-10-08,2024-10-08,NAMS,bullish
2024-10-08,2024-10-08,RBLX,bearish
2024-10-11,2024-10-09,TORO,bullish
2024-10-09,2024-10-09,EL,bullish
2024-10-09,2024-10-09,ISSC,bullish
2024-10-14,2024-10-09,RACE,bullish
2024-11-25,2024-10-10,ASPN,bullish
2024-11-01,2024-10-10,CDMO,bullish
2024-10-10,2024-10-10,PEN,bullish
2024-10-10,2024-10-10,AEHR,bullish
2024-10-10,2024-10-10,CELH,bullish
2024-10-10,2024-10-10,ULBI,bullish
2024-12-20,2024-10-10,SKAS,bullish
2024-10-10,2024-10-10,GXO,bullish
2024-10-11,2024-10-11,KINS,bullish
2025-01-07,2024-10-11,NBN,bullish
2024-10-11,2024-10-11,TITN,bullish
2024-10-14,2024-10-12,ASML,bullish
2024-10-15,2024-10-12,AKBA,bullish
2024-10-18,2024-10-12,CAVA,bearish
2024-10-14,2024-10-13,SQ,bullish
2024-11-20,2024-10-13,DE,bullish
2024-10-14,2024-10-13,SE,bullish
2024-10-14,2024-10-13,ASML,bullish
2024-10-14,2024-10-14,KZR,bullish
2024-10-14,2024-10-14,LBRDA,bullish
2024-10-16,2024-10-14,TPB,bullish
2024-10-21,2024-10-14,PAYC,bullish
2024-10-16,2024-10-14,FTHM,bullish
2024-12-24,2024-10-14,CSLR,bullish
2024-10-16,2024-10-14,WU,bullish
2024-10-15,2024-10-15,FROG,bullish
2024-10-15,2024-10-15,JBL,bullish
2024-10-16,2024-10-16,CRWD,bullish
2024-10-16,2024-10-16,LRN,bearish
2024-11-08,2024-10-16,ASML,bullish
2024-11-04,2024-10-16,WCT,bearish
2024-10-16,2024-10-16,NEWT,bullish
2024-12-20,2024-10-17,WLMIF,bullish
2024-10-17,2024-10-17,ICAD,bullish
2024-10-17,2024-10-17,ELF,bullish
2024-10-28,2024-10-17,MDRX,bullish
2024-10-17,2024-10-17,CHTR,bullish
2024-10-17,2024-10-17,FI,bullish
2024-10-18,2024-10-18,KZR,bullish
2024-11-08,2024-10-19,ASML,bullish
2024-11-08,2024-10-20,ASML,bullish
2024-10-21,2024-10-21,ZETA,bearish
2024-10-21,2024-10-21,MDU,bullish
2024-10-21,2024-10-21,BEPC,bullish
2024-10-22,2024-10-22,SAVE,bullish
2024-12-05,2024-10-22,ATAT,bullish
2025-03-25,2024-10-23,SEG,bullish
2024-10-30,2024-10-23,VFC,bullish
2024-11-06,2024-10-23,HZO,bullish
2024-10-29,2024-10-23,PLAB,bullish
2024-10-24,2024-10-24,HIMS,bullish
2024-10-24,2024-10-24,IMMR,bullish
2024-10-30,2024-10-24,TDW,bullish
2024-10-25,2024-10-24,IGIC,bullish
2024-10-24,2024-10-24,ZIM,bullish
2024-11-01,2024-10-25,BLND,bullish
2024-11-05,2024-10-25,AESI,bullish
2024-11-22,2024-10-25,BEAT,bullish
2024-10-25,2024-10-25,AKBA,bullish
2024-11-07,2024-10-26,VALE,bullish
2024-11-06,2024-10-26,HTLD,bullish
2024-11-01,2024-10-26,SYK,bullish
2024-10-28,2024-10-26,ISRG,bullish
2024-10-28,2024-10-26,TSM,bullish
2024-10-28,2024-10-26,HE,bullish
2024-11-08,2024-10-27,ASML,bullish
2024-11-04,2024-10-28,PRKR,bullish
2024-11-29,2024-10-28,STHO,bullish
2024-10-28,2024-10-28,NEXT,bullish
2024-11-12,2024-10-30,HMST,bullish
2024-11-06,2024-10-30,RKLB,bullish
2025-01-31,2024-10-30,CNVS,bullish
2024-10-30,2024-10-30,ALRM,bullish
2024-11-26,2024-10-30,TUSK,bullish
2024-10-30,2024-10-30,SOPH,bullish
2024-11-22,2024-10-30,CLMT,bullish
2024-11-01,2024-11-01,CTVA,bullish
2024-12-20,2024-11-01,ETCC,bullish
2024-11-07,2024-11-02,NVGS,bullish
2024-12-20,2024-11-02,PGNT,bullish
2024-11-06,2024-11-02,TAP,bullish
2024-12-03,2024-11-02,TSM,bullish
2024-12-04,2024-11-03,DIDIY,bullish
2025-01-02,2024-11-03,NCSM,bullish
2024-11-04,2024-11-03,SEM,bullish
2024-11-04,2024-11-03,CVGI,bullish
2024-11-04,2024-11-04,PACS,bearish
2024-11-05,2024-11-04,TRC,bullish
2025-01-06,2024-11-04,PPSI,bullish
2024-11-04,2024-11-04,SLF,bearish
2024-11-07,2024-11-04,SNX,bullish
2024-11-21,2024-11-05,MRK,bullish
2024-11-05,2024-11-05,WSC,bearish
2024-11-05,2024-11-05,GRND,bullish
2024-11-11,2024-11-06,VSAT,bearish
2024-11-06,2024-11-06,RYAAY,bullish
2024-11-06,2024-11-06,DJCO,bearish
2024-11-07,2024-11-07,VLO,bullish
2024-11-07,2024-11-07,DXLG,bullish
2024-12-20,2024-11-07,SPCB,bullish
2025-01-06,2024-11-08,PSHZF,bullish
2024-11-11,2024-11-09,GEVO,bearish
2024-12-02,2024-11-10,CXDO,bullish
2024-11-11,2024-11-10,SKYH,bullish
2024-11-11,2024-11-10,IONQ,bullish
2024-11-11,2024-11-10,RCL,bullish
2024-11-13,2024-11-10,DAC,bullish
2024-11-18,2024-11-10,DG,bullish
2024-12-05,2024-11-11,TIGO,bullish
2024-11-11,2024-11-11,ETSY,bullish
2024-11-11,2024-11-11,BLBD,bullish
2024-11-11,2024-11-11,VET,bullish
2024-11-11,2024-11-11,GL,bullish
2024-11-12,2024-11-12,MOH,bullish
2024-11-13,2024-11-13,AHT,bullish
2025-01-13,2024-11-13,ENSG,bullish
2024-11-13,2024-11-13,BOC,bullish
2024-11-14,2024-11-14,AMBC,bullish
2024-12-20,2024-11-14,ECOR,bullish
2024-11-14,2024-11-14,ACRS,bullish
2025-01-10,2024-11-15,NBIS,bullish
2024-12-03,2024-11-15,MREO,bullish
2024-12-02,2024-11-15,ENZ,bullish
2024-11-25,2024-11-15,DMRC,bullish
2024-11-22,2024-11-17,MELI,bullish
2024-11-18,2024-11-17,OXY,bullish
2024-11-18,2024-11-17,EAF,bearish
2024-11-18,2024-11-18,RCAT,bullish
2024-11-18,2024-11-18,ACLS,bearish
2024-11-18,2024-11-18,UAA,bullish
2024-12-20,2024-11-18,BWEL,bullish
2024-12-20,2024-11-19,ECOR,bullish
2024-11-20,2024-11-20,WDAY,bullish
2025-01-16,2024-11-20,AXR,bullish
2024-11-20,2024-11-20,KNSL,bullish
2024-11-20,2024-11-20,CAMP,bearish
2025-01-17,2024-11-20,IBIT,bullish
2024-11-25,2024-11-21,MDLZ,bullish
2025-01-07,2024-11-21,LEAT,bullish
2024-11-21,2024-11-21,ZGN,bullish
2024-11-21,2024-11-21,TDG,bearish
2024-11-22,2024-11-22,FET,bullish
2024-11-26,2024-11-22,IPA,bullish
2024-11-22,2024-11-22,LE,bearish
2024-11-22,2024-11-22,LB,bullish
2024-11-25,2024-11-23,CBL,bullish
2024-11-25,2024-11-23,SOUN,bullish
2024-12-10,2024-11-23,AMGN,bullish
2024-11-25,2024-11-24,BE,bullish
2024-11-27,2024-11-24,ADP,bullish
2024-12-03,2024-11-24,UPS,bearish
2024-12-02,2024-11-24,QCOM,bullish
2024-11-25,2024-11-25,PYPL,bullish
2024-11-25,2024-11-25,AIP,bullish
2025-01-10,2024-11-25,NBIS,bullish
2024-12-26,2024-11-25,RELY,bullish
2024-11-26,2024-11-26,CONL,bearish
2024-11-26,2024-11-26,SIMO,bullish
2024-11-26,2024-11-26,NVO,bullish
2024-11-26,2024-11-26,ASPI,bearish
2025-01-02,2024-11-27,HHDS,bullish
2024-12-03,2024-11-27,AMZN,bullish
2024-12-23,2024-11-28,NSRGY,bullish
2024-11-29,2024-11-28,EAT,bullish
2024-11-29,2024-11-29,NFE,bullish
2024-12-20,2024-11-30,INFY,bearish
2024-12-02,2024-12-01,TGEN,bullish
2025-01-10,2024-12-01,NBIS,bullish
2024-12-02,2024-12-02,MBUU,bullish
2025-01-23,2024-12-02,GRAB,bullish
2024-12-03,2024-12-03,OPY,bullish
2024-12-09,2024-12-03,GOOG,bullish
2024-12-03,2024-12-03,TSPH,bullish
2024-12-04,2024-12-04,REVG,bullish
2024-12-04,2024-12-04,TBLA,bullish
2024-12-04,2024-12-04,U,bullish
2024-12-04,2024-12-04,ADAP,bullish
2024-12-12,2024-12-05,POET,bearish
2024-12-05,2024-12-05,LULU,bullish
2025-01-02,2024-12-05,BKUTK,bullish
2025-01-02,2024-12-05,SERV,bearish
2024-12-05,2024-12-05,QSI,bullish
2024-12-11,2024-12-06,BUR,bullish
2024-12-06,2024-12-06,BLZE,bullish
2026-04-13,2024-12-06,CKX,bullish
2024-12-30,2024-12-06,AER,bullish
2024-12-06,2024-12-06,OKTA,bullish
2024-12-20,2024-12-07,SNES,bullish
2024-12-09,2024-12-08,MDB,bullish
2024-12-11,2024-12-09,FOA,bullish
2024-12-31,2024-12-09,NU,bullish
2024-12-09,2024-12-09,STRM,bullish
2024-12-09,2024-12-09,META,bullish
2024-12-11,2024-12-10,VVV,bullish
2025-01-30,2024-12-10,VTRS,bullish
2025-01-06,2024-12-10,VBNK,bullish
2025-01-15,2024-12-10,SE,bullish
2024-12-10,2024-12-10,BLBD,bullish
2024-12-17,2024-12-10,IONQ,bullish
2025-01-10,2024-12-10,NBIS,bullish
2024-12-20,2024-12-11,OPXS,bullish
2025-01-10,2024-12-12,GIL,bullish
2024-12-12,2024-12-12,REVG,bullish
2024-12-12,2024-12-12,MT,bullish
2026-04-02,2024-12-12,BKTI,bullish
2024-12-12,2024-12-12,INVZ,bullish
2025-01-21,2024-12-12,TALK,bullish
2025-01-15,2024-12-12,HUT,bullish
2025-01-24,2024-12-12,PRTC,bullish
2024-12-26,2024-12-13,AMD,bullish
2024-12-26,2024-12-14,UBER,bullish
2024-12-16,2024-12-14,KLAC,bullish
2024-12-16,2024-12-14,OKTA,bullish
2025-01-02,2024-12-14,MELI,bullish
2026-02-13,2024-12-15,LGCY,bullish
2024-12-26,2024-12-16,ABCL,bullish
2024-12-20,2024-12-16,SPHR,bullish
2024-12-16,2024-12-16,KODK,bullish
2024-12-31,2024-12-16,BTU,bullish
2024-12-26,2024-12-16,UBER,bullish
2024-12-26,2024-12-16,LSAK,bullish
2024-12-17,2024-12-17,INVZ,bullish
2024-12-17,2024-12-17,AVGO,bullish
2024-12-19,2024-12-17,DXYZ,bearish
2024-12-17,2024-12-17,MSFT,bullish
2025-01-15,2024-12-17,MSI,bullish
2024-12-18,2024-12-18,SPWH,bullish
2024-12-20,2024-12-18,TLF,bullish
2025-01-03,2024-12-18,LFMD,bullish
2024-12-26,2024-12-18,UBER,bullish
2024-12-18,2024-12-18,SKYT,bullish
2025-01-03,2024-12-18,AKRBY,bullish
2025-01-10,2024-12-19,NBIS,bullish
2025-01-22,2024-12-19,TTWO,bullish
2025-01-02,2024-12-19,MELI,bullish
2025-01-16,2024-12-19,AXR,bullish
2024-12-19,2024-12-19,AVIR,bullish
2025-01-28,2024-12-19,LMND,bullish
2025-01-03,2024-12-20,PLCE,bullish
2024-12-24,2024-12-20,LNSR,bullish
2024-12-26,2024-12-20,UBER,bullish
2025-01-07,2024-12-20,FIX,bullish
2025-01-07,2024-12-20,MDB,bullish
2025-02-13,2024-12-20,RSSS,bullish
2024-12-23,2024-12-21,CROX,bullish
2025-01-28,2024-12-21,SKYH,bullish
2024-12-24,2024-12-22,SLQT,bullish
2024-12-23,2024-12-22,TMDX,bullish
2025-01-03,2024-12-22,GCT,bullish
2024-12-27,2024-12-22,DOX,bearish
2024-12-26,2024-12-23,UBER,bullish
2025-01-06,2024-12-23,CCSI,bullish
2024-12-23,2024-12-23,EOSE,bullish
2024-12-23,2024-12-23,SHCO,bullish
2024-12-23,2024-12-23,RBRK,bearish
2025-01-15,2024-12-23,SE,bullish
2024-12-26,2024-12-24,EWCZ,bullish
2024-12-24,2024-12-24,KNSA,bullish
2025-01-17,2024-12-24,SOFI,bullish
2025-02-13,2024-12-26,MTN,bullish
2024-12-26,2024-12-26,WGO,bearish
2025-01-16,2024-12-26,AQNB,bullish
2024-12-27,2024-12-26,GLXZ,bullish
2025-01-06,2024-12-26,MKSI,bullish
2025-01-16,2024-12-27,WULF,bullish
2025-01-21,2024-12-27,MRVL,bullish
2025-01-07,2024-12-27,NGD,bullish
2025-01-21,2024-12-27,CPRT,bullish
2025-01-08,2024-12-27,BRO,bullish
2024-12-27,2024-12-27,LNZA,bullish
2024-12-31,2024-12-28,SIG,bullish
2025-01-22,2024-12-30,MCEM,bullish
2024-12-30,2024-12-30,TLF,bullish
2024-12-30,2024-12-30,UFI,bullish
2025-01-03,2024-12-30,PVL,bullish
2025-01-02,2024-12-30,GOGO,bullish
2025-01-03,2024-12-30,XPOF,bullish
2025-01-24,2024-12-30,GOOG,bullish
2024-12-30,2024-12-30,NVDA,bullish
2024-12-30,2024-12-30,QUIK,bullish
2024-12-30,2024-12-30,AMTM,bullish
2025-02-19,2024-12-31,ARQT,bullish
2025-01-24,2024-12-31,RTO,bullish
2024-12-31,2024-12-31,DIIBF,bullish
2024-12-31,2024-12-31,GM,bullish
2024-12-31,2024-12-31,LBRT,bullish
2026-04-16,2024-12-31,LGL,bullish
2025-01-14,2024-12-31,COF,bullish
2025-01-21,2025-01-01,BELFB,bullish
2025-01-16,2025-01-01,HLAN,bullish
2025-01-02,2025-01-01,TRIP,bullish
2025-01-02,2025-01-01,PARR,bullish
2025-01-07,2025-01-02,TDOC,bullish
2025-01-21,2025-01-02,CASY,bullish
2025-01-02,2025-01-02,CVNA,bearish
2025-01-03,2025-01-03,UBER,bullish
2025-01-06,2025-01-03,AERG,bullish
2025-01-03,2025-01-03,MSBC,bullish
2025-01-17,2025-01-04,MA,bullish
2025-01-06,2025-01-04,AVDL,bullish
2025-01-17,2025-01-04,KNSL,bullish
2025-01-06,2025-01-05,SPRC,bullish
2025-01-07,2025-01-05,MEDP,bullish
2025-01-21,2025-01-05,GILD,bullish
2025-01-23,2025-01-06,DSWL,bullish
2025-01-13,2025-01-06,OC,bullish
2025-01-06,2025-01-06,CLF,bullish
2025-01-06,2025-01-06,BUD,bullish
2025-01-06,2025-01-06,LBTYA,bullish
2025-01-06,2025-01-06,BROS,bullish
2025-01-06,2025-01-06,MELI,bullish
2025-01-06,2025-01-06,AER,bullish
2025-01-06,2025-01-06,CART,bullish
2025-01-15,2025-01-07,PAC,bullish
2025-01-07,2025-01-07,PLYA,bullish
2025-01-08,2025-01-07,LEN,bullish
2025-01-07,2025-01-07,RVP,bullish
2025-01-07,2025-01-07,ALCO,bullish
2025-01-07,2025-01-07,SITC,bullish
2025-01-08,2025-01-08,APP,bearish
2025-01-08,2025-01-08,UBER,bullish
2025-01-08,2025-01-08,IONQ,bearish
2025-01-08,2025-01-08,QUBT,bearish
2025-01-10,2025-01-09,EVVTY,bullish
2025-01-21,2025-01-09,AXON,bullish
2025-01-21,2025-01-09,AXON,bullish
2025-01-23,2025-01-09,CPPTL,bullish
2025-01-10,2025-01-09,BWMX,bullish
2025-01-10,2025-01-09,IDR,bullish
2025-01-10,2025-01-10,SOUN,bearish
2025-01-13,2025-01-10,SHW,bullish
2025-01-16,2025-01-11,PFBC,bullish
2025-01-13,2025-01-11,CZBS,bullish
2025-01-27,2025-01-11,LAC,bearish
2025-01-14,2025-01-11,GPRO,bearish
2025-01-13,2025-01-11,TMO,bullish
2025-01-29,2025-01-12,STZ,bullish
2025-01-17,2025-01-12,TIPT,bullish
2025-01-24,2025-01-12,MIND,bullish
2025-01-21,2025-01-13,SWAG,bullish
2025-01-13,2025-01-13,INTR,bullish
2025-01-13,2025-01-13,MCY,bearish
2025-01-14,2025-01-14,CDXC,bullish
2026-04-02,2025-01-14,BKTI,bullish
2025-01-14,2025-01-14,PLTR,bearish
2025-01-17,2025-01-14,GSK,bullish
2025-01-14,2025-01-14,LASR,bullish
2025-01-14,2025-01-14,ALLT,bullish
2025-02-03,2025-01-14,CLMT,bullish
2025-01-15,2025-01-15,AERG,bullish
2025-02-06,2025-01-15,PCG,bullish
2025-02-10,2025-01-15,AVGO,bullish
2025-01-15,2025-01-15,EVEX,bearish
2025-01-15,2025-01-15,KROS,bullish
2025-01-16,2025-01-16,AMD,bullish
2025-01-16,2025-01-16,ADBE,bullish
2025-02-04,2025-01-16,PRTH,bullish
2025-01-16,2025-01-16,KGHPF,bullish
2025-01-16,2025-01-16,SIG,bearish
2025-01-17,2025-01-16,PEP,bullish
2025-01-16,2025-01-16,NUE,bullish
2025-01-17,2025-01-17,KEWL,bullish
2025-01-17,2025-01-17,DAL,bullish
2025-01-17,2025-01-17,AUNA,bullish
2025-02-13,2025-01-18,MTN,bullish
2025-01-21,2025-01-18,UGI,bullish
2025-01-21,2025-01-18,SDGR,bullish
2025-01-21,2025-01-19,TSM,bullish
2025-01-21,2025-01-19,CLPT,bullish
2025-01-28,2025-01-19,PFE,bullish
2025-01-21,2025-01-19,VAL,bullish
2025-01-21,2025-01-19,JD,bullish
2025-01-24,2025-01-20,DG,bullish
2025-01-21,2025-01-20,HIFS,bullish
2025-01-21,2025-01-20,SBFFY,bullish
2025-01-21,2025-01-21,ABNB,bullish
2025-01-21,2025-01-21,JAKK,bullish
2025-01-21,2025-01-21,DAWN,bullish
2025-01-21,2025-01-21,ZBH,bullish
2025-01-21,2025-01-21,CPA,bullish
2025-01-21,2025-01-21,MPWR,bullish
2025-01-22,2025-01-22,CACI,bullish
2025-01-22,2025-01-22,ELV,bullish
2025-01-22,2025-01-22,JAKK,bullish
2025-01-22,2025-01-22,KRE,bullish
2025-01-22,2025-01-22,ASRV,bullish
2025-01-22,2025-01-22,NXE,bullish
2025-01-23,2025-01-23,APTV,bullish
2025-01-23,2025-01-23,BELFB,bullish
2025-01-23,2025-01-23,RKT,bullish
2025-01-23,2025-01-23,ZDGE,bullish
2025-02-10,2025-01-24,RDIB,bullish
2025-01-24,2025-01-24,ADBE,bullish
2025-01-24,2025-01-24,KSPI,bullish
2025-01-27,2025-01-25,NVDA,bearish
2025-01-27,2025-01-27,CIB,bullish
2025-01-27,2025-01-27,TRIP,bullish
2025-01-27,2025-01-27,FTLF,bullish
2025-01-27,2025-01-27,CTO,bullish
2025-02-24,2025-01-28,ONC,bullish
2025-01-28,2025-01-28,STRL,bearish
2025-01-29,2025-01-29,ZTS,bullish
2025-01-29,2025-01-29,XPOF,bullish
2025-01-29,2025-01-29,SPCB,bullish
2025-01-29,2025-01-29,FC,bullish
2025-01-31,2025-01-29,IVFH,bullish
2025-07-02,2025-01-30,ACOG,bullish
2025-01-30,2025-01-30,MELI,bullish
2025-01-31,2025-01-31,SKYE,bullish
2025-01-31,2025-01-31,PGY,bullish
2025-01-31,2025-01-31,COO,bullish
2025-02-05,2025-01-31,ARAY,bullish
2025-02-05,2025-01-31,TECK,bullish
2025-03-24,2025-02-01,TORO,bullish
2025-02-04,2025-02-01,GLNG,bullish
2025-02-03,2025-02-01,CURI,bullish
2025-03-12,2025-02-01,VAL,bullish
2025-03-20,2025-02-02,TSLA,bullish
2025-02-03,2025-02-02,LTCH,bullish
2025-02-03,2025-02-02,XP,bullish
2025-02-03,2025-02-02,NYMTL,bullish
2025-02-03,2025-02-02,AQN,bullish
2025-02-03,2025-02-02,HIMS,bullish
2025-02-03,2025-02-03,REGN,bullish
2025-02-03,2025-02-03,SAFRF,bullish
2025-02-14,2025-02-03,OMAB,bullish
2025-02-04,2025-02-03,GPC,bullish
2025-05-12,2025-02-04,PCMM,bearish
2025-02-04,2025-02-04,DERM,bullish
2025-02-04,2025-02-04,THRY,bullish
2025-02-04,2025-02-04,LFMD,bullish
2025-02-04,2025-02-04,MREO,bullish
2025-02-14,2025-02-04,ACDC,bullish
2025-02-05,2025-02-05,PINS,bullish
2025-02-13,2025-02-05,SOC,bullish
2025-02-05,2025-02-05,ETR,bullish
2025-02-05,2025-02-05,ETSY,bullish
2025-02-12,2025-02-05,FOR,bullish
2025-02-06,2025-02-06,UBER,bullish
2025-02-06,2025-02-06,FTAI,bullish
2025-02-06,2025-02-06,HQY,bullish
2025-02-11,2025-02-06,CPB,bullish
2025-02-10,2025-02-07,NBIS,bullish
2025-02-07,2025-02-07,EVO,bullish
2025-02-18,2025-02-07,ALB,bullish
2025-02-07,2025-02-07,CVNA,bullish
2025-02-10,2025-02-09,CAL,bullish
2025-02-13,2025-02-10,SMRT,bullish
2025-02-10,2025-02-10,XPOF,bullish
2025-02-25,2025-02-10,APP,bearish
2025-02-10,2025-02-10,VALE,bullish
2025-02-11,2025-02-11,PRM,bearish
2025-02-11,2025-02-11,SPOT,bullish
2025-02-11,2025-02-11,THRD,bullish
2025-02-26,2025-02-11,PGY,bearish
2025-03-06,2025-02-12,ATKR,bullish
2025-02-12,2025-02-12,INSE,bullish
2025-02-19,2025-02-12,GLTO,bullish
2025-02-12,2025-02-12,QXO,bullish
2025-02-13,2025-02-13,CURI,bullish
2025-02-13,2025-02-13,COST,bullish
2025-02-14,2025-02-14,REZI,bullish
2025-02-14,2025-02-14,ACIC,bullish
2025-03-03,2025-02-15,MBBC,bullish
2025-03-17,2025-02-15,OGI,bullish
2025-03-12,2025-02-15,FF,bullish
2025-02-18,2025-02-15,NOMD,bullish
2025-02-18,2025-02-16,WOW,bullish
2025-03-21,2025-02-16,AMZN,bullish
2025-02-18,2025-02-16,BAM,bullish
2025-03-05,2025-02-17,SITM,bullish
2025-02-18,2025-02-17,MBGYY,bullish
2025-02-18,2025-02-17,NBIS,bullish
2025-03-19,2025-02-17,CWH,bullish
2025-03-17,2025-02-18,OGI,bullish
2025-02-25,2025-02-18,HIMS,bearish
2025-02-26,2025-02-18,SBH,bullish
2025-02-18,2025-02-18,DTIL,bullish
2025-02-27,2025-02-18,DALN,bullish
2025-02-18,2025-02-18,TLT,bullish
2025-02-19,2025-02-19,PDD,bullish
2025-03-18,2025-02-19,MITK,bullish
2025-02-19,2025-02-19,FULC,bullish
2025-02-21,2025-02-19,GILT,bullish
2025-05-12,2025-02-19,TAVI,bearish
2025-02-19,2025-02-19,NLOP,bullish
2025-02-20,2025-02-20,SSBI,bullish
2025-03-17,2025-02-20,HITI,bullish
2025-03-19,2025-02-21,SHC,bullish
2025-03-10,2025-02-21,BMRRY,bullish
2025-02-21,2025-02-21,ATYR,bullish
2025-03-05,2025-02-21,TPCS,bullish
2025-02-27,2025-02-21,TMDX,bearish
2025-02-21,2025-02-21,WPP,bullish
2025-03-14,2025-02-22,NU,bullish
2025-03-14,2025-02-23,NU,bullish
2025-03-17,2025-02-23,ASML,bullish
2025-03-19,2025-02-24,BOC,bullish
2025-02-26,2025-02-24,NVDA,bearish
2025-03-18,2025-02-24,MVIS,bullish
2025-05-12,2025-02-24,STAI,bearish
2025-03-24,2025-02-24,RELY,bullish
2025-02-28,2025-02-24,LNSR,bullish
2025-03-19,2025-02-24,BN,bullish
2025-03-19,2025-02-24,TACT,bullish
2025-02-24,2025-02-24,JELD,bearish
2025-03-25,2025-02-25,HIMS,bullish
2025-03-21,2025-02-25,EVLV,bullish
2025-02-25,2025-02-25,LVTX,bullish
2025-03-25,2025-02-25,UNFI,bullish
2025-03-14,2025-02-25,NE,bullish
2025-03-19,2025-02-25,JXN,bullish
2025-03-14,2025-02-25,QUIK,bullish
2025-02-25,2025-02-25,KULR,bearish
2025-03-21,2025-02-26,KRMD,bullish
2025-03-07,2025-02-26,TCOM,bullish
2025-02-27,2025-02-26,OMI,bullish
2025-02-26,2025-02-26,HIMS,bearish
2025-02-27,2025-02-27,TIGO,bullish
2025-03-05,2025-02-27,SE,bullish
2025-03-25,2025-02-27,ABG,bullish
2025-04-03,2025-02-27,MRP,bullish
2025-03-31,2025-02-27,MVO,bearish
2025-03-25,2025-03-01,HIMS,bullish
2025-03-03,2025-03-02,MHGU,bullish
2025-03-25,2025-03-02,DAR,bullish
2025-03-17,2025-03-02,ALCO,bullish
2025-03-19,2025-03-03,OPRA,bullish
2025-03-19,2025-03-03,ONIT,bullish
2025-03-11,2025-03-04,BLUE,bullish
2025-03-14,2025-03-04,CMP,bullish
2025-03-20,2025-03-04,CAPR,bullish
2025-03-25,2025-03-04,NET,bullish
2025-03-07,2025-03-05,MATW,bullish
2025-03-05,2025-03-05,FSS,bearish
2025-03-05,2025-03-05,IGT,bullish
2025-03-06,2025-03-06,CELH,bullish
2025-03-06,2025-03-06,HII,bullish
2025-03-06,2025-03-06,TTEC,bullish
2025-03-14,2025-03-06,RPD,bullish
2025-03-17,2025-03-07,SNPS,bullish
2025-03-20,2025-03-07,ANGI,bullish
2025-03-17,2025-03-07,DEC,bullish
2025-03-07,2025-03-07,MOB,bullish
2025-03-17,2025-03-08,JD,bullish
2025-03-18,2025-03-08,TSM,bullish
2025-03-12,2025-03-09,PYPL,bullish
2025-04-25,2025-03-09,MAGN,bullish
2025-03-21,2025-03-10,RPAY,bullish
2025-04-16,2025-03-10,NATH,bullish
2025-03-12,2025-03-10,GROY,bullish
2025-03-24,2025-03-10,FWONK,bullish
2025-03-18,2025-03-10,DNB,bullish
2025-04-25,2025-03-10,MAGN,bullish
2025-03-10,2025-03-10,HG,bullish
2025-03-11,2025-03-11,HSY,bullish
2025-03-31,2025-03-11,SE,bullish
2025-04-15,2025-03-11,LOGC,bullish
2025-03-25,2025-03-11,META,bullish
2025-07-11,2025-03-11,ADUR,bullish
2025-03-24,2025-03-12,MELI,bullish
2025-03-12,2025-03-12,HEI,bullish
2025-03-26,2025-03-12,FRPH,bullish
2025-03-12,2025-03-12,WBQNL,bullish
2025-03-12,2025-03-12,CAT,bullish
2025-03-12,2025-03-12,OTTR,bearish
2025-05-08,2025-03-12,CAOX,bullish
2025-03-21,2025-03-13,ORCL,bullish
2025-03-18,2025-03-13,CNM,bullish
2025-03-17,2025-03-13,CLMT,bullish
2025-03-19,2025-03-13,GOGO,bullish
2025-03-14,2025-03-14,KNSL,bullish
2025-03-28,2025-03-14,THS,bullish
2025-03-14,2025-03-14,AAP,bullish
2025-03-31,2025-03-14,QRHC,bullish
2025-04-09,2025-03-14,GTX,bullish
2025-03-14,2025-03-14,STOK,bullish
2025-03-14,2025-03-14,DRVN,bullish
2025-03-20,2025-03-14,SOC,bullish
2025-03-17,2025-03-14,TTD,bullish
2025-03-17,2025-03-16,TTD,bullish
2025-03-18,2025-03-16,GLNG,bullish
2025-03-20,2025-03-16,GOOG,bullish
2025-04-15,2025-03-16,PYYX,bullish
2025-03-17,2025-03-16,BMY,bullish
2025-04-15,2025-03-17,STE,bullish
2025-03-25,2025-03-17,KSS,bullish
2025-03-17,2025-03-17,SEI,bearish
2025-03-17,2025-03-17,NU,bullish
2025-03-28,2025-03-18,NVDA,bearish
2025-03-25,2025-03-18,U,bullish
2025-03-18,2025-03-18,ASBFY,bullish
2025-04-22,2025-03-18,SWTX,bullish
2025-03-24,2025-03-18,QIPT,bullish
2025-04-17,2025-03-18,ADBE,bullish
2025-03-18,2025-03-18,MVIS,bullish
2025-04-08,2025-03-18,CBRL,bearish
2025-03-19,2025-03-19,EEFT,bullish
2025-03-27,2025-03-19,ROP,bullish
2025-03-19,2025-03-19,ALTG,bullish
2025-03-24,2025-03-20,BAH,bearish
2025-03-20,2025-03-20,GFL,bullish
2025-03-20,2025-03-20,CHE,bullish
2025-03-21,2025-03-21,BA,bullish
2025-03-21,2025-03-21,IPAR,bearish
2025-03-21,2025-03-21,TLF,bullish
2025-03-21,2025-03-21,SIG,bullish
2025-04-08,2025-03-21,ELEV,bullish
2025-04-02,2025-03-23,TNL,bullish
2025-03-24,2025-03-24,NOAH,bullish
2025-04-08,2025-03-24,DLTTF,bullish
2025-03-25,2025-03-25,ITMSF,bullish
2025-03-25,2025-03-25,CNI,bullish
2025-03-25,2025-03-25,CLS,bullish
2025-03-25,2025-03-25,PRPH,bullish
2025-04-11,2025-03-25,NTLA,bullish
2025-04-14,2025-03-25,ASTS,bullish
2025-03-26,2025-03-26,GLNG,bullish
2025-03-26,2025-03-26,DUOT,bullish
2025-03-26,2025-03-26,CNRD,bullish
2025-03-26,2025-03-26,RYAM,bullish
2025-03-26,2025-03-26,MQ,bullish
2025-03-27,2025-03-27,TTD,bullish
2025-03-27,2025-03-27,TSQ,bullish
2025-03-27,2025-03-27,BBU,bullish
2025-03-27,2025-03-27,TDG,bullish
2025-03-28,2025-03-28,NATL,bullish
2025-04-14,2025-03-29,PSIX,bullish
2025-04-15,2025-03-29,LRCX,bullish
2025-04-03,2025-03-30,QQQ,bearish
2025-03-31,2025-03-30,TS,bullish
2025-04-14,2025-03-30,EQX,bullish
2025-04-21,2025-03-31,LULU,bullish
2025-04-23,2025-03-31,UNM,bullish
2025-04-02,2025-03-31,ECVT,bullish
2025-04-10,2025-03-31,CLS,bullish
2025-03-31,2025-03-31,LEE,bullish
2026-04-02,2025-03-31,ITRG,bullish
2025-04-01,2025-04-01,IOT,bullish
2025-04-01,2025-04-01,OUKPY,bearish
2025-04-01,2025-04-01,DASTY,bearish
2025-04-01,2025-04-01,GRND,bullish
2025-04-09,2025-04-01,FG,bullish
2025-04-01,2025-04-01,KNOP,bullish
2025-05-14,2025-04-01,COST,bearish
2025-04-01,2025-04-01,DSWL,bullish
2025-04-02,2025-04-02,KELYA,bullish
2025-04-02,2025-04-02,GIL,bullish
2025-04-02,2025-04-02,ZIP,bullish
2025-04-03,2025-04-03,AFL,bullish
2025-04-14,2025-04-03,NTDOY,bullish
2025-04-23,2025-04-03,ALIT,bullish
2025-04-03,2025-04-03,KLC,bearish
2025-05-12,2025-04-03,SMA,bullish
2025-04-04,2025-04-04,RADLY,bullish
2025-04-10,2025-04-04,MSFT,bullish
2025-04-04,2025-04-04,RGTI,bearish
2025-04-23,2025-04-04,OXY,bullish
2025-04-16,2025-04-04,THRY,bullish
2025-04-14,2025-04-04,DE,bullish
2025-04-04,2025-04-04,NUTX,bullish
2025-04-23,2025-04-05,OXY,bullish
2025-04-11,2025-04-06,MGM,bullish
2025-04-16,2025-04-07,KEQU,bullish
2025-04-07,2025-04-07,AAPL,bearish
2025-04-15,2025-04-07,ACIC,bullish
2025-04-17,2025-04-07,BRAG,bullish
2025-04-22,2025-04-07,ARCO,bullish
2025-04-07,2025-04-07,ONL,bullish
2025-04-21,2025-04-08,ZBRA,bullish
2025-04-14,2025-04-08,FVR,bullish
2025-04-09,2025-04-09,BABA,bearish
2025-04-10,2025-04-10,OTEX,bearish
2025-04-11,2025-04-10,BKNG,bullish
2025-04-14,2025-04-11,PYPL,bullish
2025-04-11,2025-04-11,ECOR,bullish
2025-04-16,2025-04-11,BN,bullish
2025-04-15,2025-04-11,DJCO,bullish
2025-04-28,2025-04-12,HGBL,bullish
2025-04-15,2025-04-13,TSM,bullish
2025-04-25,2025-04-13,SONM,bullish
2025-05-15,2025-04-13,PEP,bullish
2025-04-14,2025-04-13,PVH,bullish
2025-04-14,2025-04-13,UBER,bullish
2025-04-14,2025-04-14,UFPI,bullish
2025-04-14,2025-04-14,PYPL,bullish
2025-04-14,2025-04-14,GOOG,bullish
2025-04-14,2025-04-14,NRG,bullish
2025-04-14,2025-04-14,NVO,bullish
2025-04-14,2025-04-14,CCLD,bullish
2025-04-21,2025-04-14,HTLD,bullish
2025-04-15,2025-04-15,BRKR,bullish
2025-04-15,2025-04-15,TUSK,bullish
2025-04-15,2025-04-15,PLAY,bullish
2025-04-16,2025-04-15,KAI,bearish
2025-04-15,2025-04-15,SALM,bullish
2025-04-15,2025-04-15,BIOA,bullish
2025-04-23,2025-04-15,IAS,bullish
2025-04-22,2025-04-15,BORT,bullish
2025-05-21,2025-04-16,STRL,bearish
2025-05-23,2025-04-16,EME,bearish
2025-04-17,2025-04-16,SPG,bullish
2025-05-28,2025-04-16,BTDR,bearish
2025-04-16,2025-04-16,HDB,bullish
2025-04-23,2025-04-17,OXY,bullish
2025-04-21,2025-04-18,OPI,bullish
2025-04-21,2025-04-18,OLN,bullish
2025-04-25,2025-04-19,CVEO,bullish
2025-04-22,2025-04-20,DGX,bullish
2025-04-23,2025-04-20,NVO,bullish
2025-04-23,2025-04-20,AMZN,bullish
2025-04-21,2025-04-21,TKO,bullish
2025-04-28,2025-04-21,WY,bullish
2025-04-24,2025-04-22,EEFT,bullish
2025-04-25,2025-04-25,BGC,bullish
2025-04-25,2025-04-25,LB,bullish
2025-04-25,2025-04-25,OIS,bullish
2025-04-25,2025-04-25,BN,bullish
2025-04-28,2025-04-26,NTDOY,bullish
2025-05-29,2025-04-26,FVRR,bearish
2025-04-28,2025-04-26,LRLCY,bullish
2025-04-28,2025-04-27,ATMU,bullish
2025-04-28,2025-04-27,OSCR,bullish
2025-05-13,2025-04-28,TR,bearish
2025-04-29,2025-04-28,SSNC,bullish
2025-04-28,2025-04-28,SMNEY,bullish
2025-05-28,2025-04-28,UNH,bullish
2025-04-29,2025-04-29,ORLY,bearish
2025-05-23,2025-04-29,TFPM,bullish
2025-04-29,2025-04-29,NWSA,bullish
2025-04-29,2025-04-29,PLBY,bullish
2025-04-29,2025-04-29,CCEP,bullish
2025-04-29,2025-04-29,GNRC,bullish
2025-04-29,2025-04-29,SPGI,bullish
2025-04-30,2025-04-30,ACDC,bullish
2025-04-30,2025-04-30,TSM,bullish
2025-04-30,2025-04-30,DEA,bullish
2025-04-30,2025-04-30,ANET,bullish
2025-04-30,2025-04-30,AESI,bullish
2025-05-01,2025-05-01,SOC,bullish
2025-05-01,2025-05-01,FICO,bullish
2025-05-02,2025-05-02,ACFN,bullish
2025-05-27,2025-05-02,QCOM,bearish
2025-05-05,2025-05-03,PYPL,bullish
2025-05-05,2025-05-03,UWMC,bullish
2025-05-05,2025-05-03,WLFC,bullish
2025-05-05,2025-05-04,GOOG,bullish
2025-05-05,2025-05-04,TXN,bullish
2025-05-05,2025-05-04,EPIX,bearish
2025-05-05,2025-05-05,MGM,bullish
2025-05-22,2025-05-05,KVYO,bearish
2025-05-05,2025-05-05,FARO,bullish
2025-05-23,2025-05-06,ANET,bearish
2025-05-08,2025-05-08,VRT,bullish
2025-05-08,2025-05-08,SGRY,bullish
2025-05-08,2025-05-08,SEZL,bullish
2025-05-08,2025-05-08,KSPI,bullish
2025-05-08,2025-05-08,CCSI,bullish
2025-05-08,2025-05-08,MFH,bearish
2025-05-09,2025-05-09,AMZN,bullish
2025-06-30,2025-05-09,SNWV,bullish
2025-05-09,2025-05-09,RWWI,bullish
2025-05-09,2025-05-09,PESI,bullish
2025-05-09,2025-05-09,UBER,bullish
2025-05-12,2025-05-10,SHOO,bullish
2025-05-14,2025-05-10,SGI,bullish
2025-05-12,2025-05-10,BUR,bullish
2025-05-12,2025-05-11,UBER,bullish
2025-05-27,2025-05-11,ADC,bullish
2025-05-12,2025-05-11,AFRM,bullish
2025-05-12,2025-05-12,SN,bullish
2025-06-09,2025-05-12,MPW,bullish
2025-05-22,2025-05-12,BN,bearish
2025-05-27,2025-05-12,KRON,bullish
2025-05-14,2025-05-12,RKT,bullish
2025-05-12,2025-05-12,ISMAY,bullish
2025-05-13,2025-05-13,MSFT,bullish
2025-05-29,2025-05-13,GLNG,bullish
2025-05-13,2025-05-13,ENPH,bullish
2025-05-13,2025-05-13,NMTC,bullish
2025-07-09,2025-05-14,EXOZ,bullish
2025-05-14,2025-05-14,OSCR,bullish
2025-05-14,2025-05-14,JHX,bullish
2025-05-14,2025-05-14,HNRG,bullish
2025-05-29,2025-05-15,CODI,bullish
2025-05-30,2025-05-15,TQQQ,bearish
2025-05-15,2025-05-15,IZEA,bullish
2025-05-15,2025-05-15,WRD,bullish
2025-05-15,2025-05-15,VRT,bullish
2025-05-15,2025-05-15,RDCM,bullish
2025-05-23,2025-05-15,ACCO,bearish
2025-05-15,2025-05-15,SLVM,bearish
2025-05-16,2025-05-16,TRU,bullish
2025-05-20,2025-05-16,ARVN,bullish
2025-05-19,2025-05-17,STRZ,bullish
2025-05-19,2025-05-19,ABM,bullish
2025-06-11,2025-05-19,IGT,bullish
2025-05-28,2025-05-19,XGN,bullish
2025-05-20,2025-05-20,RDVT,bullish
2025-05-20,2025-05-20,NVR,bullish
2025-05-20,2025-05-20,NFLX,bullish
2025-05-20,2025-05-20,DOCN,bullish
2025-05-21,2025-05-21,CMTL,bullish
2025-05-21,2025-05-21,AMCR,bullish
2025-05-29,2025-05-22,GLNG,bullish
2025-05-27,2025-05-22,ELSE,bullish
2025-05-30,2025-05-22,CTKB,bullish
2025-05-28,2025-05-22,NVST,bullish
2025-05-28,2025-05-23,RMLFF,bullish
2025-05-23,2025-05-23,ASHTY,bullish
2025-05-23,2025-05-23,CRON,bullish
2025-06-09,2025-05-25,AMC,bearish
2025-05-27,2025-05-25,MKGP,bullish
2025-05-27,2025-05-25,MTCH,bullish
2025-05-27,2025-05-26,AVTR,bullish
2025-06-05,2025-05-26,QUBT,bearish
2025-06-10,2025-05-27,SSD,bullish
2025-05-27,2025-05-27,FTAI,bullish
2025-05-27,2025-05-27,NCMI,bullish
2025-05-27,2025-05-27,ICCC,bullish
2025-05-28,2025-05-28,GOOG,bullish
2025-06-04,2025-05-29,ANGI,bullish
2025-05-29,2025-05-29,IDN,bullish
2025-05-30,2025-05-30,CNRD,bullish
2025-06-18,2025-05-30,PRKR,bullish
2025-06-30,2025-05-30,MD,bullish
2025-06-02,2025-05-31,STX,bullish
2025-06-02,2025-06-01,CPKF,bullish
2025-06-02,2025-06-02,RSKIA,bullish
2025-06-02,2025-06-02,CDIO,bullish
2025-06-02,2025-06-02,ADMQ,bullish
2025-06-02,2025-06-02,EVC,bullish
2025-06-03,2025-06-03,CRDO,bullish
2025-06-03,2025-06-03,DSFIY,bullish
2025-06-10,2025-06-03,ASIX,bullish
2025-07-24,2025-06-03,TEVA,bullish
2025-07-02,2025-06-04,SOC,bullish
2025-06-24,2025-06-04,CRM,bullish
2025-06-24,2025-06-04,HRI,bullish
2025-06-10,2025-06-04,UHAL,bullish
2025-06-05,2025-06-05,VEEV,bullish
2025-06-05,2025-06-05,MXCT,bullish
2025-06-27,2025-06-05,CROX,bullish
2025-06-25,2025-06-05,DLO,bullish
2025-06-13,2025-06-07,REGN,bullish
2026-04-02,2025-06-08,MPTI,bullish
2025-06-09,2025-06-08,PAYX,bearish
2025-06-09,2025-06-08,DOCS,bullish
2025-07-31,2025-06-08,AXON,bullish
2025-07-01,2025-06-08,ETON,bullish
2025-06-23,2025-06-08,NBBK,bullish
2025-06-09,2025-06-09,CHRS,bullish
2025-06-09,2025-06-09,SLV,bullish
2025-07-02,2025-06-09,SDXAY,bullish
2025-06-09,2025-06-09,JHX,bullish
2025-06-09,2025-06-09,PINS,bullish
2025-07-08,2025-06-09,MCS,bullish
2025-06-17,2025-06-10,SILC,bullish
2025-06-10,2025-06-10,CCOI,bullish
2025-06-10,2025-06-10,COOK,bullish
2025-06-10,2025-06-10,MFI,bullish
2025-06-11,2025-06-11,HST,bullish
2025-07-01,2025-06-11,NL,bullish
2025-06-27,2025-06-11,GTLB,bullish
2025-06-11,2025-06-11,VHI,bullish
2025-06-27,2025-06-11,IESC,bullish
2025-06-11,2025-06-11,GRBK,bullish
2025-06-11,2025-06-11,THC,bearish
2025-06-11,2025-06-11,AN,bullish
2025-06-17,2025-06-12,OSCR,bullish
2025-06-12,2025-06-12,GLXZ,bullish
2025-07-03,2025-06-13,U,bullish
2025-06-23,2025-06-13,MIND,bullish
2025-06-16,2025-06-13,FIP,bullish
2025-06-16,2025-06-14,VICI,bullish
2025-06-25,2025-06-14,CXDO,bullish
2025-07-07,2025-06-14,DUOT,bullish
2025-06-16,2025-06-14,BUKS,bullish
2025-06-16,2025-06-15,LNVGY,bullish
2025-06-23,2025-06-16,PBPB,bullish
2025-06-16,2025-06-16,AMD,bullish
2025-07-02,2025-06-16,REAL,bullish
2025-06-17,2025-06-17,VICI,bullish
2025-06-17,2025-06-17,FEIM,bullish
2025-06-17,2025-06-17,CTLP,bullish
2025-06-17,2025-06-17,ANGI,bearish
2025-06-17,2025-06-17,LZ,bearish
2025-06-26,2025-06-17,LNSR,bullish
2025-07-01,2025-06-17,TFIN,bullish
2025-07-02,2025-06-18,PG,bullish
2025-06-23,2025-06-18,TATT,bullish
2025-07-01,2025-06-18,CL,bullish
2025-06-25,2025-06-18,MED,bearish
2025-06-20,2025-06-19,CLS,bullish
2025-06-20,2025-06-19,OSCR,bullish
2025-07-01,2025-06-19,INOV,bullish
2025-06-26,2025-06-19,GMGI,bullish
2025-06-23,2025-06-20,LFCR,bullish
2025-07-03,2025-06-20,TOI,bullish
2025-06-30,2025-06-20,GRRR,bearish
2025-08-06,2025-06-21,HNGE,bullish
2025-06-26,2025-06-21,SIMO,bullish
2025-06-23,2025-06-21,SQM,bullish
2025-06-26,2025-06-22,MLTX,bullish
2025-07-14,2025-06-22,ASPI,bullish
2025-06-23,2025-06-22,INMB,bearish
2025-06-23,2025-06-22,BCHT,bullish
2025-06-23,2025-06-23,MSGS,bullish
2025-07-01,2025-06-23,WEAV,bullish
2025-08-07,2025-06-23,SSTI,bullish
2025-07-25,2025-06-24,VEEV,bullish
2025-07-01,2025-06-25,IMMR,bullish
2025-06-27,2025-06-25,ACCO,bullish
2025-07-02,2025-06-25,TMC,bearish
2025-07-01,2025-06-25,TAP,bullish
2025-07-03,2025-06-26,BTBT,bullish
2025-07-01,2025-06-27,GOOGL,bullish
2025-07-08,2025-06-27,BURCA,bullish
2025-06-30,2025-06-27,DIS,bullish
2025-06-27,2025-06-27,UBER,bullish
2025-06-27,2025-06-27,SNPS,bullish
2025-06-27,2025-06-27,SEI,bearish
2025-07-14,2025-06-27,GLXY,bullish
2025-07-02,2025-06-28,FORD,bullish
2025-07-24,2025-06-29,CRMD,bullish
2025-07-18,2025-06-29,NBIS,bullish
2025-07-09,2025-06-30,DIDIY,bullish
2025-06-30,2025-06-30,CHCI,bullish
2025-06-30,2025-06-30,CBWTF,bullish
2025-06-30,2025-06-30,DSP,bullish
2025-07-01,2025-07-01,MKL,bullish
2025-07-02,2025-07-01,RES,bullish
2025-07-01,2025-07-01,HEI,bullish
2025-07-01,2025-07-01,CAPR,bearish
2025-07-01,2025-07-01,FLUT,bullish
2025-07-01,2025-07-01,TGT,bullish
2025-07-01,2025-07-01,DLO,bullish
2025-07-01,2025-07-01,ANGPY,bullish
2025-07-17,2025-07-02,PYPD,bullish
2025-07-11,2025-07-02,LMT,bullish
2025-07-11,2025-07-02,ADUR,bullish
2025-07-22,2025-07-02,NSRGY,bullish
2025-07-02,2025-07-02,NWL,bullish
2025-07-03,2025-07-03,SEG,bullish
2025-07-03,2025-07-03,IRD,bullish
2025-07-07,2025-07-04,LBTYA,bullish
2025-07-08,2025-07-04,TUYA,bullish
2025-07-07,2025-07-04,BALY,bullish
2025-07-08,2025-07-04,AESI,bullish
2025-07-07,2025-07-04,SHMD,bullish
2025-07-07,2025-07-05,TACT,bullish
2025-08-14,2025-07-05,QXO,bullish
2025-07-16,2025-07-06,INTC,bearish
2025-07-07,2025-07-06,WOW,bullish
2025-07-07,2025-07-06,ANGI,bullish
2025-07-07,2025-07-07,OWLT,bullish
2025-07-23,2025-07-07,DUOL,bullish
2025-07-07,2025-07-07,MTCH,bullish
2025-07-07,2025-07-07,SKYH,bullish
2025-07-10,2025-07-07,KFS,bearish
2025-07-16,2025-07-08,IEHC,bullish
2025-07-11,2025-07-08,TALO,bullish
2025-07-08,2025-07-08,DAVE,bullish
2025-07-09,2025-07-09,HTLD,bullish
2025-07-09,2025-07-09,UNH,bullish
2025-07-09,2025-07-09,RILY,bullish
2025-07-14,2025-07-10,AMD,bullish
2025-08-04,2025-07-10,MELI,bullish
2025-08-13,2025-07-10,AKRBF,bullish
2025-07-10,2025-07-10,BUR,bullish
2025-08-11,2025-07-10,BRO,bullish
2025-07-23,2025-07-11,ATS,bullish
2025-07-11,2025-07-11,PLAB,bullish
2025-07-11,2025-07-11,RERE,bullish
2025-07-11,2025-07-11,ABL,bullish
2025-07-11,2025-07-11,BLDR,bullish
2025-07-11,2025-07-11,TTD,bullish
2025-08-08,2025-07-12,MU,bullish
2025-07-14,2025-07-13,CNNE,bullish
2026-04-03,2025-07-13,NTIP,bullish
2025-07-14,2025-07-13,SNAP,bullish
2025-07-16,2025-07-13,ZD,bearish
2025-08-27,2025-07-13,AMRZ,bullish
2025-07-14,2025-07-14,WST,bullish
2025-07-14,2025-07-14,GLBE,bullish
2025-08-22,2025-07-14,QSG,bullish
2025-07-14,2025-07-14,SOFI,bullish
2025-08-14,2025-07-14,BCHT,bullish
2025-07-25,2025-07-14,RRX,bullish
2025-07-15,2025-07-15,GSFD,bullish
2025-07-15,2025-07-15,WLK,bullish
2025-07-15,2025-07-15,AEI,bullish
2025-08-06,2025-07-15,OSCR,bullish
2025-07-15,2025-07-15,CRCL,bearish
2025-08-13,2025-07-16,GLIBA,bullish
2025-07-16,2025-07-16,SXT,bullish
2025-07-16,2025-07-16,PROP,bullish
2025-07-23,2025-07-16,ZD,bullish
2025-08-22,2025-07-16,RES,bullish
2025-07-23,2025-07-16,NEM,bullish
2025-08-04,2025-07-17,CCU,bullish
2025-07-17,2025-07-17,TRTX,bullish
2025-07-17,2025-07-17,NRDS,bearish
2025-07-25,2025-07-17,IKNA,bullish
2025-07-31,2025-07-17,AXON,bullish
2025-07-17,2025-07-17,GRAB,bullish
2025-07-25,2025-07-17,IKNA,bullish
2025-08-18,2025-07-18,CZR,bullish
2025-07-18,2025-07-18,SNA,bullish
2025-07-18,2025-07-18,XLU,bullish
2025-07-28,2025-07-18,HYDTF,bullish
2025-09-05,2025-07-19,TSM,bullish
2025-07-21,2025-07-20,SEMR,bullish
2025-07-22,2025-07-20,WEAV,bullish
2025-08-20,2025-07-20,HLF,bullish
2025-07-25,2025-07-20,FOXA,bullish
2025-07-22,2025-07-20,PII,bullish
2025-08-11,2025-07-20,JBS,bullish
2025-07-24,2025-07-21,INVX,bullish
2025-07-21,2025-07-21,SGRP,bullish
2025-08-04,2025-07-21,MOH,bullish
2025-07-21,2025-07-21,TREIF,bullish
2025-07-21,2025-07-21,CPT,bullish
2025-07-24,2025-07-21,UTGN,bullish
2025-07-21,2025-07-21,ABVX,bullish
2025-07-21,2025-07-21,TBRG,bullish
2025-07-22,2025-07-22,TCOM,bullish
2025-07-22,2025-07-22,NUTX,bearish
2025-08-12,2025-07-22,GLGI,bullish
2025-07-24,2025-07-22,EPD,bullish
2025-08-04,2025-07-22,RM,bullish
2025-07-22,2025-07-22,VSQTF,bullish
2025-08-01,2025-07-22,TOST,bearish
2025-07-22,2025-07-22,YETI,bullish
2025-07-22,2025-07-22,HITI,bullish
2025-08-14,2025-07-22,RDVT,bullish
2025-08-11,2025-07-22,UNH,bullish
2025-07-23,2025-07-23,ATHR,bearish
2025-07-30,2025-07-23,KMI,bullish
2025-07-25,2025-07-23,MCRAA,bullish
2025-08-20,2025-07-23,IT,bullish
2025-07-23,2025-07-23,DGX,bullish
2025-08-25,2025-07-23,CVEO,bullish
2025-08-05,2025-07-23,FEMY,bullish
2025-07-24,2025-07-23,FWRD,bullish
2025-07-24,2025-07-24,MKTW,bullish
2025-08-13,2025-07-24,MRVI,bullish
2025-07-24,2025-07-24,INMD,bearish
2025-07-24,2025-07-24,MERC,bullish
2025-07-24,2025-07-24,WW,bullish
2025-07-28,2025-07-24,FBIO,bullish
2025-08-22,2025-07-24,ON,bullish
2025-07-28,2025-07-25,ATYR,bullish
2025-07-25,2025-07-25,TCTZF,bullish
2025-07-28,2025-07-25,FBIO,bullish
2025-09-04,2025-07-25,OTCM,bullish
2025-08-18,2025-07-25,LYB,bullish
2025-07-25,2025-07-25,BBAR,bullish
2025-07-25,2025-07-25,ICU,bullish
2025-08-20,2025-07-25,HBB,bullish
2025-08-21,2025-07-25,LMB,bullish
2025-07-25,2025-07-25,MDB,bullish
2025-07-28,2025-07-26,KNF,bullish
2025-07-28,2025-07-26,PUTKY,bullish
2025-07-28,2025-07-26,VRE,bullish
2025-08-18,2025-07-27,DK,bullish
2025-07-28,2025-07-28,SBSW,bullish
2025-07-28,2025-07-28,ESTC,bullish
2025-08-13,2025-07-28,F,bullish
2025-07-28,2025-07-28,UNFI,bullish
2025-07-29,2025-07-29,PTHL,bearish
2025-08-13,2025-07-29,CHTR,bullish
2025-07-30,2025-07-29,UTHR,bearish
2025-08-13,2025-07-29,JAKK,bullish
2025-08-19,2025-07-30,BRSL,bullish
2025-07-30,2025-07-30,ATYR,bearish
2025-07-30,2025-07-30,AREN,bullish
2025-08-06,2025-07-30,OSCR,bullish
2025-08-07,2025-07-30,OCC,bullish
2025-08-01,2025-07-30,MPWR,bullish
2025-09-16,2025-07-31,AEBI,bullish
2025-08-05,2025-07-31,BYRN,bullish
2025-07-31,2025-07-31,TBI,bullish
2025-08-05,2025-08-01,BTU,bullish
2025-08-13,2025-08-01,UTMD,bullish
2025-08-12,2025-08-01,SE,bullish
2025-08-18,2025-08-01,CZR,bullish
2025-08-04,2025-08-01,MELI,bullish
2025-08-13,2025-08-01,NVO,bullish
2025-08-13,2025-08-01,BAX,bullish
2025-08-07,2025-08-02,URLOF,bullish
2025-08-04,2025-08-02,PRPL,bullish
2025-08-07,2025-08-03,DAVE,bearish
2025-08-22,2025-08-03,PESI,bullish
2025-08-11,2025-08-03,LRCX,bullish
2025-08-22,2025-08-03,PBI,bullish
2025-08-22,2025-08-03,IAC,bullish
2025-08-07,2025-08-03,VASO,bullish
2025-08-12,2025-08-04,GROW,bullish
2025-08-04,2025-08-04,MH,bearish
2025-08-04,2025-08-04,ELME,bullish
2025-08-04,2025-08-04,LB,bullish
2025-08-07,2025-08-04,EFXT,bullish
2025-08-14,2025-08-04,CMCSA,bullish
2025-08-14,2025-08-04,MODG,bullish
2026-04-02,2025-08-05,BKTI,bullish
2026-04-02,2025-08-05,KKR,update
2025-08-05,2025-08-05,ODD,bearish
2025-08-06,2025-08-05,DEO,bullish
2025-08-05,2025-08-05,BTU,bullish
2025-08-08,2025-08-05,PPIH,bullish
2025-08-14,2025-08-05,CUBI,bullish
2025-08-18,2025-08-05,LYB,bullish
2025-08-14,2025-08-05,SON,bullish
2026-04-29,2025-08-06,CNL,bearish
2025-08-11,2025-08-06,MPAA,bullish
2025-08-08,2025-08-06,CCLD,bullish
2025-08-26,2025-08-06,RDW,bullish
2025-08-07,2025-08-06,CCSI,bullish
2025-08-08,2025-08-07,CVNA,bearish
2025-08-07,2025-08-07,AEO,bullish
2025-08-20,2025-08-07,ABNB,bullish
2025-08-22,2025-08-07,THR,bullish
2025-08-07,2025-08-07,ASLE,bullish
2025-08-12,2025-08-08,RSSS,bullish
2025-08-13,2025-08-08,DRVN,bullish
2025-08-08,2025-08-08,TIGO,bullish
2025-08-22,2025-08-08,CROX,bullish
2025-08-15,2025-08-08,REGN,bullish
2025-08-08,2025-08-08,GLXZ,bullish
2025-08-08,2025-08-08,CRON,bullish
2025-08-08,2025-08-08,SILC,bullish
2025-08-13,2025-08-08,NVO,bullish
2025-08-08,2025-08-08,TSLA,bullish
2025-08-22,2025-08-09,EQNR,bullish
2025-08-15,2025-08-10,PYPL,bullish
2025-08-11,2025-08-10,RELY,bullish
2025-08-22,2025-08-11,YELP,bullish
2025-08-15,2025-08-11,LTH,bullish
2025-08-11,2025-08-11,LEEEF,bullish
2025-08-11,2025-08-11,PAAS,bullish
2025-08-13,2025-08-12,CACC,bullish
2025-08-25,2025-08-12,MSGS,bullish
2025-08-12,2025-08-12,ASML,bullish
2025-08-12,2025-08-12,AMRK,bullish
2025-08-13,2025-08-13,NGD,bullish
2025-08-18,2025-08-13,PEPG,bullish
2025-08-13,2025-08-13,SE,bullish
2025-08-13,2025-08-13,APP,bullish
2025-09-08,2025-08-14,CVGI,bullish
2025-08-14,2025-08-14,EA,bullish
2025-08-14,2025-08-14,SNCY,bullish
2025-08-14,2025-08-14,UURAF,bullish
2025-08-15,2025-08-14,FLYE,bearish
2025-08-14,2025-08-14,PPIH,bullish
2025-08-15,2025-08-15,PEB,bullish
2025-08-15,2025-08-15,DMRC,bearish
2025-08-15,2025-08-15,TGONF,bullish
2025-08-15,2025-08-15,PXHI,bullish
2025-08-29,2025-08-16,DFH,bearish
2025-08-27,2025-08-16,DHI,bearish
2025-08-29,2025-08-16,LEN,bearish
2025-09-03,2025-08-16,BCC,bearish
2025-08-18,2025-08-16,LB,bullish
2025-08-20,2025-08-16,SOLV,bullish
2025-09-05,2025-08-18,DGXX,bullish
2025-08-18,2025-08-18,OPRA,bullish
2025-08-21,2025-08-18,SLF,bullish
2025-09-02,2025-08-18,ADN,bearish
2025-08-19,2025-08-19,PVL,bullish
2025-08-19,2025-08-19,EM,bullish
2025-08-19,2025-08-19,TER,bullish
2025-08-25,2025-08-19,BTMD,bullish
2025-08-20,2025-08-20,ALEC,bullish
2025-08-20,2025-08-20,JOF,bullish
2025-09-15,2025-08-20,MRVL,bullish
2025-08-20,2025-08-20,MTBLY,bullish
2025-08-22,2025-08-20,UURAF,bullish
2025-09-03,2025-08-20,ZENV,bullish
2025-08-20,2025-08-20,CNGA,bullish
2025-08-20,2025-08-20,XPEL,bullish
2025-08-27,2025-08-20,ACDC,bullish
2025-08-21,2025-08-21,DK,bullish
2025-08-27,2025-08-21,RBRK,bullish
2025-08-21,2025-08-21,EM,bullish
2025-08-21,2025-08-21,GOGO,bearish
2025-08-26,2025-08-21,DUOL,bearish
2025-08-22,2025-08-21,RRX,bullish
2025-08-21,2025-08-21,AMRN,bullish
2025-08-27,2025-08-22,DDOG,bullish
2025-08-22,2025-08-22,BW,bullish
2025-08-22,2025-08-22,TR,bearish
2025-08-25,2025-08-23,CDTI,bullish
2025-08-25,2025-08-23,PSIX,bearish
2025-09-15,2025-08-24,D,bullish
2025-08-25,2025-08-24,FOUR,bullish
2025-08-27,2025-08-24,ARMK,bullish
2025-08-25,2025-08-24,SLGN,bullish
2025-08-25,2025-08-24,NU,bullish
2025-09-11,2025-08-25,UGI,bullish
2025-08-25,2025-08-25,RELY,bullish
2025-08-25,2025-08-25,ASMIY,bullish
2025-08-25,2025-08-25,GAP,bullish
2025-08-25,2025-08-25,CRWV,bearish
2025-08-26,2025-08-26,CRON,bullish
2025-08-26,2025-08-26,SNOA,bullish
2025-09-19,2025-08-26,AGCO,bullish
2025-08-26,2025-08-26,BOC,bullish
2025-08-28,2025-08-27,HBNB,bullish
2025-08-27,2025-08-27,DV,bullish
2025-08-27,2025-08-27,LMT,bullish
2025-08-27,2025-08-27,ACHR,bearish
2025-08-27,2025-08-27,HROW,bullish
2025-08-27,2025-08-27,RGS,bullish
2025-09-29,2025-08-28,CR,bullish
2025-08-28,2025-08-28,ENVX,bearish
2025-08-28,2025-08-28,IVVD,bullish
2025-08-28,2025-08-28,ACDC,bullish
2025-08-29,2025-08-29,TCMD,bullish
2025-09-04,2025-08-29,STRZ,bullish
2025-09-04,2025-08-29,BILL,
2025-08-29,2025-08-29,SA,bullish
2025-08-29,2025-08-29,CNXC,bullish
2025-08-29,2025-08-29,AMPG,bullish
2025-09-05,2025-08-31,CAVA,bullish
2025-09-02,2025-08-31,MCFT,bullish
2025-09-02,2025-08-31,DDOG,bullish
2025-09-08,2025-08-31,SOUN,bullish
2025-09-02,2025-08-31,TTD,bullish
2025-09-02,2025-09-01,ABXXF,bullish
2025-09-05,2025-09-02,ODP,bullish
2025-09-18,2025-09-02,ISSC,bullish
2025-09-02,2025-09-02,VITL,bullish
2025-09-02,2025-09-02,LFMD,bullish
2025-09-22,2025-09-02,TOI,bullish
2025-09-03,2025-09-03,ROOT,bullish
2025-09-29,2025-09-03,WVE,bullish
2025-09-03,2025-09-03,ACHV,bullish
2025-09-04,2025-09-04,TISI,bullish
2025-09-17,2025-09-04,ABLT,bullish
2025-09-24,2025-09-04,PSTG,bearish
2025-09-04,2025-09-04,MEDXF,bullish
2025-09-04,2025-09-04,QUBT,bearish
2025-09-09,2025-09-04,AERG,bullish
2025-09-04,2025-09-04,GLBE,bullish
2025-09-05,2025-09-05,PVTRF,bullish
2025-09-05,2025-09-05,OVLY,bullish
2025-09-05,2025-09-05,GUTS,bullish
2025-09-05,2025-09-05,BHR,bullish
2025-09-15,2025-09-07,ULCC,bearish
2025-09-08,2025-09-08,HSIC,bullish
2025-09-08,2025-09-08,MOH,bullish
2025-09-08,2025-09-08,NVDA,bearish
2025-09-19,2025-09-09,COUR,bullish
2025-10-01,2025-09-09,GRND,bearish
2025-10-02,2025-09-09,DOLE,bullish
2025-10-20,2025-09-09,SFD,bullish
2025-09-10,2025-09-10,BORR,bullish
2025-09-10,2025-09-10,WIX,bullish
2025-09-23,2025-09-10,SNPS,bullish
2025-09-10,2025-09-10,MBX,bearish
2025-09-15,2025-09-10,MRVL,bullish
2025-09-10,2025-09-10,CLW,bullish
2025-09-23,2025-09-11,ALTS,bullish
2025-09-11,2025-09-11,STIM,bullish
2025-09-15,2025-09-11,HROW,bullish
2025-09-11,2025-09-11,SNOW,bullish
2025-09-12,2025-09-12,RPTX,bullish
2025-10-15,2025-09-12,UFCS,bullish
2025-09-12,2025-09-12,TMDX,bullish
2025-09-23,2025-09-13,SNPS,bullish
2025-09-24,2025-09-13,BRO,bullish
2025-09-25,2025-09-13,RBRK,bullish
2025-09-19,2025-09-13,CME,bullish
2025-09-15,2025-09-13,ADBE,bullish
2025-09-15,2025-09-14,ODD,bullish
2025-09-15,2025-09-15,UNH,bullish
2025-09-15,2025-09-15,AIOT,bullish
2025-09-15,2025-09-15,OSCR,bullish
2025-09-15,2025-09-15,BABA,bullish
2025-10-16,2025-09-15,AXTA,bullish
2025-09-15,2025-09-15,INTR,bullish
2025-09-24,2025-09-15,BJRI,bullish
2025-09-16,2025-09-16,FPH,bullish
2025-10-17,2025-09-16,NSP,bullish
2025-09-16,2025-09-16,HROW,bullish
2025-09-19,2025-09-16,ALMU,bullish
2025-09-16,2025-09-16,TGB,bullish
2025-09-18,2025-09-16,HITI,bullish
2025-09-16,2025-09-16,CLOV,bullish
2025-09-26,2025-09-16,REPX,bullish
2025-10-17,2025-09-17,RELY,bullish
2025-09-17,2025-09-17,ORCL,bullish
2025-09-17,2025-09-17,GRAB,bullish
2025-10-02,2025-09-17,TAP,bullish
2025-09-17,2025-09-17,FPH,bullish
2025-09-18,2025-09-18,SKYX,bullish
2025-09-18,2025-09-18,CCOI,bullish
2025-10-15,2025-09-18,LASR,bullish
2025-09-23,2025-09-18,CLSD,bullish
2025-09-19,2025-09-19,SII,bullish
2025-09-19,2025-09-19,UBER,bullish
2025-09-26,2025-09-19,STZ,bullish
2025-10-03,2025-09-19,BLSH,bullish
2025-09-30,2025-09-20,VICI,bullish
2025-09-22,2025-09-21,CLMT,bullish
2025-10-01,2025-09-21,NEOG,bullish
2025-11-24,2025-09-21,NATL,bullish
2025-09-30,2025-09-21,EXFY,bearish
2025-09-22,2025-09-22,HIMS,bullish
2025-10-15,2025-09-22,ZIP,bullish
2025-09-22,2025-09-22,AERG,bullish
2025-09-23,2025-09-22,LMB,bearish
2025-10-08,2025-09-22,MIAX,bullish
2025-10-01,2025-09-23,NAVI,bullish
2025-09-23,2025-09-23,STNE,bullish
2025-09-24,2025-09-24,ZETA,bullish
2025-09-24,2025-09-24,S,bullish
2025-09-24,2025-09-24,DUOL,bullish
2025-09-24,2025-09-24,COP,bullish
2025-10-23,2025-09-24,GLNG,bullish
2025-10-08,2025-09-25,UNH,bullish
2025-09-30,2025-09-25,SMR,bearish
2025-09-25,2025-09-25,FQVLF,bullish
2025-09-25,2025-09-25,BCUCY,bearish
2025-10-02,2025-09-25,TAP,bullish
2025-09-25,2025-09-25,COHR,bullish
2025-11-13,2025-09-25,SBC,bullish
2025-10-28,2025-09-25,IMRX,bullish
2025-09-25,2025-09-25,MELI,bullish
2025-09-25,2025-09-25,NBIS,bullish
2025-09-25,2025-09-25,HROW,bullish
2025-10-22,2025-09-25,SWK,bullish
2025-09-29,2025-09-26,MOB,bullish
2025-09-29,2025-09-26,EHLD,bullish
2025-10-21,2025-09-26,TIPT,bullish
2025-10-20,2025-09-26,FFBB,bullish
2025-09-29,2025-09-26,BATRK,bullish
2025-10-20,2025-09-26,PRTS,bullish
2025-09-29,2025-09-26,LGNC,bullish
2025-09-26,2025-09-26,CRWD,bullish
2025-10-02,2025-09-27,LKQ,bullish
2025-10-17,2025-09-27,PBI,bullish
2025-10-14,2025-09-27,CRS,bearish
2025-09-29,2025-09-27,LU,bullish
2025-10-09,2025-09-27,AMZN,bullish
2025-09-29,2025-09-27,GUTS,bullish
2025-09-29,2025-09-28,Z,bearish
2025-09-29,2025-09-28,SWBI,bullish
2025-10-07,2025-09-28,NDAQ,bullish
2025-09-29,2025-09-29,WNMLA,bullish
2025-10-24,2025-09-29,JAMF,bullish
2025-09-29,2025-09-29,RZLV,bearish
2025-10-24,2025-09-29,U,bullish
2025-09-29,2025-09-29,GLBXF,bullish
2025-09-30,2025-09-30,B,bullish
2025-09-30,2025-09-30,BUKS,bullish
2025-09-30,2025-09-30,BMI,bullish
2025-09-30,2025-09-30,RIVN,bullish
2025-10-21,2025-09-30,BCC,bullish
2025-10-01,2025-09-30,MRK,bullish
2025-09-30,2025-09-30,HIT,bullish
2025-09-30,2025-09-30,PBAM,bullish
2025-10-01,2025-10-01,ARE,bearish
2025-10-20,2025-10-01,META,bullish
2025-10-07,2025-10-01,TOST,bullish
2025-10-01,2025-10-01,VOYG,bullish
2025-11-26,2025-10-01,NKTR,bullish
2025-10-01,2025-10-01,RBRK,bullish
2025-10-23,2025-10-01,MELI,bullish
2025-10-23,2025-10-01,SSL,bullish
2025-10-09,2025-10-01,KLNG,bullish
2025-10-01,2025-10-01,ABCL,bullish
2025-10-23,2025-10-01,PGY,bullish
2025-10-02,2025-10-02,NICE,bearish
2025-10-22,2025-10-02,RIG,bullish
2025-10-02,2025-10-02,STZ,bullish
2025-10-02,2025-10-02,HI,bullish
2025-10-03,2025-10-03,UNP,bullish
2025-10-08,2025-10-03,SOC,bullish
2025-10-15,2025-10-03,OWL,bullish
2025-10-06,2025-10-04,IREN,bullish
2025-10-06,2025-10-04,SLNO,bullish
2025-10-06,2025-10-04,KYIV,bullish
2025-10-06,2025-10-04,BBWI,bullish
2025-10-16,2025-10-05,JBI,bullish
2025-10-08,2025-10-05,WALD,bullish
2025-10-06,2025-10-05,KNSL,bullish
2025-10-22,2025-10-06,HSIC,bullish
2025-10-06,2025-10-06,PRMB,bullish
2025-10-06,2025-10-06,ISRG,bullish
2025-10-21,2025-10-06,NCNO,bullish
2025-10-08,2025-10-06,SARO,bullish
2025-10-23,2025-10-06,AFRM,bullish
2025-10-06,2025-10-06,HNHPF,bullish
2025-10-23,2025-10-06,TBI,bullish
2025-10-06,2025-10-06,UP,bearish
2025-10-06,2025-10-06,CMG,bullish
2025-10-06,2025-10-06,FONR,bullish
2025-10-07,2025-10-07,PSNL,bullish
2025-10-08,2025-10-07,IOT,bullish
2026-01-23,2025-10-08,NBY,bearish
2025-10-08,2025-10-08,QURE,bullish
2025-10-08,2025-10-08,OLN,bullish
2025-10-27,2025-10-08,TASK,bullish
2025-10-28,2025-10-08,JD,bullish
2025-10-09,2025-10-09,TEVA,bullish
2025-10-09,2025-10-09,NBIS,bullish
2026-04-07,2025-10-09,GPUS,bullish
2025-11-03,2025-10-09,HTCR,bullish
2025-11-05,2025-10-09,ZETA,bullish
2025-10-22,2025-10-09,GECC,bullish
2025-10-10,2025-10-10,IZEA,bullish
2025-10-10,2025-10-10,LULU,bullish
2025-10-21,2025-10-11,GFS,bullish
2025-10-14,2025-10-11,INTC,bearish
2025-10-23,2025-10-11,BN,bullish
2025-10-13,2025-10-11,SWKH,bullish
2025-10-21,2025-10-12,KSPI,bullish
2025-10-23,2025-10-12,ZD,bullish
2025-10-20,2025-10-12,LB,bullish
2025-10-15,2025-10-13,TTSH,bullish
2025-10-21,2025-10-13,BAER,bullish
2025-10-13,2025-10-13,KYIV,bullish
2025-10-14,2025-10-14,EQIX,bullish
2025-10-17,2025-10-14,ODFL,bullish
2025-10-21,2025-10-15,GRND,bullish
2025-10-15,2025-10-15,TEAM,bullish
2025-10-15,2025-10-15,VRSN,bearish
2025-11-28,2025-10-15,NBIS,bullish
2025-10-16,2025-10-15,AIOT,bullish
2025-10-16,2025-10-15,REXR,bullish
2025-10-15,2025-10-15,BLBX,bullish
2025-10-23,2025-10-15,CELH,bearish
2025-10-15,2025-10-15,METC,bullish
2025-10-22,2025-10-15,RIG,bullish
2025-10-15,2025-10-15,BGC,bullish
2025-10-24,2025-10-15,FTAI,bullish
2025-10-24,2025-10-15,DHIL,bullish
2025-10-16,2025-10-16,MKTX,bullish
2025-10-16,2025-10-16,WRLC,bullish
2025-10-23,2025-10-16,DEC,bullish
2025-10-16,2025-10-16,UDMY,bearish
2025-12-02,2025-10-16,HAWPF,bullish
2025-10-30,2025-10-16,HPE,bullish
2025-10-23,2025-10-16,BKR,bullish
2025-11-28,2025-10-16,DRTS,bullish
2025-10-21,2025-10-17,ADBE,bullish
2025-10-27,2025-10-17,XYL,bullish
2025-11-12,2025-10-17,SVM,bullish
2025-10-17,2025-10-17,CRMT,bullish
2025-10-24,2025-10-18,TPB,bullish
2025-10-20,2025-10-18,CRMT,bullish
2025-10-29,2025-10-18,PEP,bearish
2025-10-20,2025-10-19,HOOD,bearish
2025-10-20,2025-10-19,ALAB,bearish
2025-10-20,2025-10-19,JBL,bullish
2025-10-23,2025-10-19,PGY,bullish
2025-11-05,2025-10-19,ACLS,bullish
2025-11-19,2025-10-20,ISSC,bullish
2025-10-20,2025-10-20,CYRX,bullish
2025-10-21,2025-10-21,THLEF,bearish
2025-11-06,2025-10-21,PFE,bullish
2025-11-03,2025-10-21,GSIT,bearish
2025-10-21,2025-10-21,CCO,bullish
2025-10-24,2025-10-22,HIPO,bullish
2025-10-22,2025-10-22,MIR,bearish
2025-10-30,2025-10-22,FLNC,bullish
2025-10-28,2025-10-22,RXO,bearish
2025-11-26,2025-10-22,AEVA,bullish
2025-10-22,2025-10-22,AIRO,bearish
2025-10-22,2025-10-22,VIRC,bullish
2025-10-22,2025-10-22,DLTR,bullish
2025-10-23,2025-10-23,CROX,bullish
2025-10-23,2025-10-23,ASIC,bullish
2025-11-27,2025-10-23,ABCL,bullish
2025-11-28,2025-10-23,RBLX,bullish
2025-10-24,2025-10-24,WDS,bullish
2025-11-26,2025-10-24,CVAC,bullish
2025-10-24,2025-10-24,CRMT,bullish
2025-11-11,2025-10-24,MBOT,bullish
2025-11-24,2025-10-24,ALVO,bullish
2025-10-24,2025-10-24,NAGE,bullish
2025-10-24,2025-10-24,CCCC,bullish
2025-11-10,2025-10-24,PTGX,bullish
2025-11-07,2025-10-25,NFLX,bullish
2025-10-29,2025-10-25,OMSE,bullish
2025-11-13,2025-10-25,NVO,bullish
2025-10-27,2025-10-26,DY,bearish
2025-10-27,2025-10-26,LBRT,bullish
2025-10-27,2025-10-27,CLMT,bullish
2025-11-03,2025-10-27,GTN,bullish
2025-10-27,2025-10-27,FND,bullish
2026-04-28,2025-10-27,NEN,bullish
2025-10-27,2025-10-27,OKE,bullish
2025-11-25,2025-10-27,SMSI,bullish
2025-10-29,2025-10-27,NETD,bullish
2025-10-28,2025-10-28,DGXX,bullish
2025-12-31,2025-10-28,MUEL,bullish
2025-10-28,2025-10-28,TBCH,bullish
2025-12-03,2025-10-28,CMSG,bullish
2025-11-27,2025-10-28,UFI,bullish
2025-10-28,2025-10-28,KVUE,bullish
2025-10-29,2025-10-28,CFLT,bullish
2025-10-28,2025-10-28,CRMD,bullish
2025-10-31,2025-10-28,ASUR,bullish
2025-10-31,2025-10-29,GXO,bullish
2025-10-30,2025-10-30,EOSE,bearish
2025-10-30,2025-10-30,AMZN,bullish
2025-11-05,2025-10-30,OSS,bullish
2025-10-30,2025-10-30,CROX,bullish
2025-10-31,2025-10-30,SJT,bullish
2025-10-30,2025-10-30,YMM,bullish
2025-11-14,2025-10-30,CI,bullish
2025-11-14,2025-10-30,LODE,bullish
2025-10-31,2025-10-31,NVCT,bullish
2025-10-31,2025-10-31,FUPBY,
2025-11-10,2025-10-31,ARGX,bullish
2025-10-31,2025-10-31,LENZ,bearish
2025-10-31,2025-10-31,GSK,bullish
2025-11-13,2025-11-01,NVO,bullish
2025-11-06,2025-11-01,MCRI,bullish
2025-11-03,2025-11-01,NICE,bullish
2025-11-03,2025-11-01,PTON,bearish
2025-12-01,2025-11-01,ADBE,bullish
2025-11-06,2025-11-02,AMPY,bullish
2025-11-28,2025-11-02,BACQ,bullish
2025-11-26,2025-11-03,CPSH,bullish
2025-11-07,2025-11-03,FICO,bullish
2025-11-10,2025-11-03,QFIN,bullish
2025-11-03,2025-11-03,GOOG,bullish
2025-11-26,2025-11-03,ACMR,bullish
2025-11-03,2025-11-03,FWRD,bullish
2025-12-04,2025-11-03,UTI,bullish
2025-11-04,2025-11-04,PSIX,bullish
2025-11-21,2025-11-04,VMD,bullish
2025-11-12,2025-11-04,HROW,bullish
2025-11-26,2025-11-04,PWR,bullish
2025-11-13,2025-11-04,ZDGE,bullish
2025-11-06,2025-11-04,PLTR,bearish
2025-11-04,2025-11-04,PLTR,bullish
2025-11-28,2025-11-05,CMPS,bullish
2025-11-27,2025-11-05,SMMNY,bullish
2025-11-05,2025-11-05,RACE,bullish
2025-11-05,2025-11-05,EVC,bullish
2025-11-06,2025-11-06,TEVA,bullish
2025-11-13,2025-11-06,ATEX,bullish
2025-11-06,2025-11-06,HGTY,bullish
2025-11-27,2025-11-06,TE,bullish
2025-11-21,2025-11-07,ICLR,bullish
2025-11-07,2025-11-07,NVO,bearish
2025-11-28,2025-11-07,DLO,bullish
2025-11-07,2025-11-07,SNCR,bullish
2025-11-07,2025-11-07,BCH,bullish
2025-11-21,2025-11-07,RHLD,bearish
2025-12-02,2025-11-07,UUUU,bullish
2025-12-02,2025-11-08,UBER,bullish
2025-11-10,2025-11-08,TER,bullish
2025-11-24,2025-11-08,ADCT,bullish
2025-11-11,2025-11-09,BN,bullish
2025-11-13,2025-11-09,NVO,bullish
2025-11-10,2025-11-10,SNCR,bullish
2025-11-10,2025-11-10,DOLE,bullish
2025-11-25,2025-11-10,HIMS,bullish
2025-11-10,2025-11-10,LNW,bullish
2025-12-01,2025-11-10,ADBE,bullish
2025-11-10,2025-11-10,TWLO,bullish
2025-11-11,2025-11-11,ECOR,bullish
2025-11-11,2025-11-11,NRC,bullish
2025-11-26,2025-11-11,SRAD,bullish
2025-12-08,2025-11-11,XERS,bullish
2025-11-12,2025-11-12,ALNT,bearish
2025-11-12,2025-11-12,CCLD,bullish
2025-11-13,2025-11-13,FWRD,bullish
2025-11-26,2025-11-13,CCOI,bullish
2025-11-13,2025-11-13,CRGO,bullish
2025-11-14,2025-11-14,NVO,bullish
2025-11-14,2025-11-14,VKTX,bullish
2025-11-14,2025-11-14,SMR,bearish
2025-11-19,2025-11-14,EEFT,bullish
2025-12-01,2025-11-15,TTD,bullish
2025-11-17,2025-11-15,GT,bullish
2025-11-26,2025-11-15,XYZ,bullish
2025-11-17,2025-11-15,SEI,bearish
2025-11-25,2025-11-16,CHTR,bullish
2025-11-17,2025-11-16,VG,bullish
2025-11-26,2025-11-17,NKTR,bullish
2025-11-21,2025-11-17,ANGI,bullish
2025-11-17,2025-11-17,PRDO,bearish
2025-11-19,2025-11-17,LRN,bullish
2025-11-25,2025-11-18,BL,bullish
2025-11-26,2025-11-18,RTO,bullish
2025-11-19,2025-11-18,DCTH,bullish
2025-11-24,2025-11-18,OSCR,bullish
2025-11-18,2025-11-18,CRML,bearish
2025-11-19,2025-11-19,FECCF,bullish
2025-11-19,2025-11-19,EXOZ,bullish
2025-11-21,2025-11-19,SKYX,bullish
2025-11-28,2025-11-19,NBIS,bullish
2025-11-19,2025-11-19,NKE,bullish
2025-11-26,2025-11-19,ASIX,bullish
2025-11-20,2025-11-20,AMTM,bullish
2025-11-20,2025-11-20,DFH,bullish
2025-11-25,2025-11-20,IMMR,bullish
2025-12-17,2025-11-20,NSRGY,bullish
2025-11-20,2025-11-20,DBX,bearish
2025-11-28,2025-11-20,NBIS,bullish
2025-11-20,2025-11-20,SRAD,bearish
2025-11-21,2025-11-21,HOFT,bullish
2025-11-21,2025-11-21,VIA,bearish
2025-11-25,2025-11-21,DUOL,bullish
2025-12-22,2025-11-22,VEEV,bullish
2025-11-28,2025-11-23,MELI,bullish
2025-11-26,2025-11-23,CCOI,bullish
2025-11-24,2025-11-23,DHI,bullish
2025-12-03,2025-11-24,CCCX,bullish
2025-11-27,2025-11-24,ZETA,bullish
2025-12-22,2025-11-24,CVNA,bearish
2025-12-04,2025-11-24,ETON,bullish
2025-11-24,2025-11-24,LOVE,bullish
2025-11-25,2025-11-24,TLT,bullish
2025-11-26,2025-11-24,LEGH,bullish
2025-11-27,2025-11-24,CCLD,bullish
2025-11-24,2025-11-24,CARG,bullish
2025-11-24,2025-11-24,CARG,bullish
2025-11-28,2025-11-25,LPTH,bullish
2025-12-02,2025-11-25,RKLB,bullish
2025-12-04,2025-11-25,BE,bullish
2025-11-25,2025-11-25,LGN,bullish
2025-11-25,2025-11-25,CAPR,bearish
2026-01-02,2025-11-26,TXO,bullish
2025-12-01,2025-11-26,ADBE,bullish
2025-12-09,2025-11-27,IREN,bullish
2025-11-28,2025-11-27,RIG,bullish
2025-11-27,2025-11-27,NRP,bullish
2025-12-03,2025-11-27,VAL,bullish
2025-11-28,2025-11-28,RKT,bullish
2025-11-28,2025-11-28,LXEO,bullish
2025-12-02,2025-11-29,UUUU,bullish
2025-12-04,2025-11-29,THR,bullish
2025-12-04,2025-11-29,ETN,bullish
2025-12-05,2025-12-01,GFR,bullish
2025-12-01,2025-12-01,HIMS,bullish
2025-12-11,2025-12-01,BUKS,bullish
2025-12-01,2025-12-01,ARCC,bullish
2025-12-01,2025-12-01,CHE,bullish
2025-12-18,2025-12-01,ZS,bullish
2026-01-26,2025-12-02,SOC,bearish
2025-12-02,2025-12-02,RNAC,bullish
2025-12-02,2025-12-02,FOXF,bullish
2025-12-04,2025-12-02,BE,bullish
2025-12-02,2025-12-02,LEGH,bullish
2025-12-02,2025-12-02,VTGN,bearish
2025-12-09,2025-12-02,EVC,bullish
2025-12-15,2025-12-02,POST,bullish
2025-12-03,2025-12-03,NVO,bullish
2025-12-03,2025-12-03,LASR,bullish
2025-12-03,2025-12-03,JCTC,bullish
2025-12-03,2025-12-03,EWBC,bullish
2025-12-03,2025-12-03,SSNC,bullish
2025-12-24,2025-12-03,CYTK,bullish
2025-12-03,2025-12-03,CMCSA,bullish
2025-12-04,2025-12-04,FIGR,bullish
2025-12-08,2025-12-04,DERM,bullish
2025-12-04,2025-12-04,PRVA,bullish
2025-12-05,2025-12-05,CABA,bullish
2025-12-05,2025-12-05,CVE,bullish
2025-12-05,2025-12-05,ADBE,bullish
2025-12-05,2025-12-05,SMTC,bullish
2025-12-05,2025-12-05,MU,bearish
2025-12-05,2025-12-05,LMNR,bullish
2025-12-05,2025-12-05,DY,bullish
2025-12-05,2025-12-05,SATS,bullish
2025-12-10,2025-12-05,STRL,bullish
2025-12-18,2025-12-05,HKXCY,bullish
2026-01-26,2025-12-06,SXC,bearish
2025-12-24,2025-12-06,T,bullish
2025-12-08,2025-12-06,PATH,bullish
2025-12-08,2025-12-06,INTC,bullish
2025-12-23,2025-12-06,EW,bullish
2025-12-11,2025-12-07,SPRB,bullish
2025-12-08,2025-12-07,BORR,bullish
2025-12-08,2025-12-07,EQNR,bullish
2025-12-08,2025-12-07,VG,bullish
2025-12-26,2025-12-08,CIBH,bullish
2025-12-08,2025-12-08,SE,bullish
2025-12-08,2025-12-08,SMCI,bullish
2025-12-08,2025-12-08,BCIC,bullish
2025-12-08,2025-12-08,WEN,bullish
2025-12-30,2025-12-08,WSM,bearish
2025-12-22,2025-12-08,PRGS,bearish
2025-12-24,2025-12-08,SMX,bearish
2025-12-08,2025-12-08,NRDY,bullish
2025-12-10,2025-12-09,AMBA,bullish
2025-12-09,2025-12-09,MRVL,bullish
2025-12-09,2025-12-09,RDW,bullish
2025-12-09,2025-12-09,SMTI,bullish
2025-12-11,2025-12-10,GTLB,bullish
2025-12-10,2025-12-10,FF,bullish
2025-12-10,2025-12-10,UFI,bullish
2025-12-11,2025-12-11,TTD,bullish
2025-12-11,2025-12-11,ASO,bullish
2025-12-11,2025-12-11,SANG,bullish
2025-12-11,2025-12-11,RELY,bullish
2025-12-11,2025-12-11,LITE,bullish
2025-12-11,2025-12-11,CLW,bullish
2025-12-11,2025-12-11,ADBE,bullish
2025-12-12,2025-12-12,KLIC,bullish
2025-12-12,2025-12-12,TEVA,bullish
2025-12-12,2025-12-12,METC,bullish
2025-12-12,2025-12-12,DVA,bullish
2025-12-12,2025-12-12,NXGL,bullish
2025-12-12,2025-12-12,SLNH,bullish
2025-12-15,2025-12-13,CYRX,bullish
2025-12-15,2025-12-13,FND,bullish
2025-12-15,2025-12-13,ASTS,bullish
2026-01-12,2025-12-13,AVGO,bullish
2025-12-22,2025-12-13,CVNA,bearish
2025-12-15,2025-12-13,UTZ,bullish
2025-12-15,2025-12-14,ACMR,bullish
2026-01-07,2025-12-15,TRAW,bullish
2025-12-15,2025-12-15,NEU,bearish
2025-12-24,2025-12-15,SNY,bullish
2025-12-15,2025-12-15,HTZ,bullish
2025-12-15,2025-12-15,ELUT,bullish
2025-12-15,2025-12-15,CNS,bullish
2025-12-15,2025-12-15,DRVN,bullish
2025-12-16,2025-12-16,DELL,bullish
2025-12-16,2025-12-16,NLCP,bullish
2025-12-23,2025-12-16,AMZN,bullish
2025-12-16,2025-12-16,MITK,bullish
2025-12-22,2025-12-16,IREN,bullish
2025-12-23,2025-12-17,MIND,bullish
2025-12-30,2025-12-17,VZ,bullish
2025-12-17,2025-12-17,EVVTY,bullish
2025-12-17,2025-12-17,WLAC,bullish
2026-02-19,2025-12-17,MDLN,bullish
2025-12-30,2025-12-18,UBER,bullish
2026-01-06,2025-12-18,TMDX,bullish
2025-12-18,2025-12-18,META,bullish
2025-12-18,2025-12-18,SERV,bearish
2025-12-23,2025-12-18,AMZN,bullish
2025-12-18,2025-12-18,VOD,bullish
2025-12-26,2025-12-18,VKTX,bullish
2026-01-06,2025-12-19,GSK,bullish
2026-04-02,2025-12-19,HYNE,bullish
2025-12-23,2025-12-19,MELI,bullish
2025-12-30,2025-12-19,UBER,bullish
2025-12-19,2025-12-19,SFES,bullish
2025-12-26,2025-12-19,ALMU,bullish
2025-12-22,2025-12-20,KLAR,bullish
2025-12-22,2025-12-20,MYE,bullish
2025-12-22,2025-12-20,HRBR,bullish
2025-12-22,2025-12-20,MOH,bullish
2025-12-22,2025-12-21,GRAB,bullish
2025-12-22,2025-12-21,DUOL,bullish
2025-12-26,2025-12-21,WSTRF,bullish
2025-12-22,2025-12-21,ENVA,bullish
2025-12-22,2025-12-21,IREN,bullish
2025-12-22,2025-12-21,PGY,bullish
2026-01-26,2025-12-21,TBBB,bullish
2026-01-05,2025-12-21,HIMS,bullish
2025-12-22,2025-12-21,WING,bullish
2025-12-22,2025-12-22,RIVN,bullish
2026-01-05,2025-12-22,HIMS,bullish
2025-12-22,2025-12-22,ELVA,bullish
2025-12-22,2025-12-22,TTD,bullish
2025-12-22,2025-12-22,LRN,bullish
2026-01-22,2025-12-22,KYIV,bullish
2025-12-30,2025-12-22,UBER,bullish
2025-12-22,2025-12-22,LION,bullish
2025-12-22,2025-12-22,ACHC,bullish
2026-02-02,2025-12-22,CROX,bullish
2026-02-19,2025-12-23,FJET,bullish
2025-12-23,2025-12-23,CPRT,bullish
2025-12-30,2025-12-23,GTE,bullish
2025-12-26,2025-12-23,AFCG,bullish
2025-12-29,2025-12-23,ROL,bullish
2025-12-23,2025-12-23,SUUN,bullish
2025-12-23,2025-12-23,AMP,bullish
2025-12-23,2025-12-23,VOD,bullish
2026-01-06,2025-12-24,BDX,bullish
2026-01-02,2025-12-24,NU,bullish
2025-12-24,2025-12-24,LICT,bullish
2025-12-24,2025-12-24,ADBE,bullish
2025-12-26,2025-12-25,CPRT,bullish
2025-12-26,2025-12-25,DUOL,bullish
2025-12-26,2025-12-25,AMZN,bullish
2025-12-30,2025-12-25,GWW,bearish
2025-12-26,2025-12-25,MELI,bullish
2026-01-05,2025-12-25,PGY,bullish
2025-12-26,2025-12-25,CRWV,bullish
2026-01-06,2025-12-25,CNNE,bullish
2026-01-06,2025-12-25,TMDX,bullish
2025-12-29,2025-12-25,VST,bullish
2025-12-26,2025-12-25,PYPL,bullish
2025-12-26,2025-12-26,ACMR,bullish
2025-12-26,2025-12-26,MU,bullish
2025-12-29,2025-12-27,CFNB,bullish
2025-12-29,2025-12-27,LULU,bullish
2026-01-05,2025-12-28,VALE,bullish
2025-12-29,2025-12-28,PLNT,bearish
2025-12-29,2025-12-28,VOD,bullish
2025-12-29,2025-12-28,OMDA,bullish
2025-12-29,2025-12-29,HIT,bullish
2025-12-29,2025-12-29,SNSE,bullish
2025-12-29,2025-12-29,DCTH,bullish
2025-12-29,2025-12-29,HROW,bullish
2026-01-05,2025-12-29,MOB,bullish
2025-12-30,2025-12-30,NCNO,bullish
2026-01-06,2025-12-30,DE,bullish
2026-01-02,2025-12-30,CTRA,bullish
2025-12-30,2025-12-30,TTD,bullish
2025-12-30,2025-12-30,WEAV,bullish
2026-01-29,2025-12-30,LITE,bullish
2025-12-30,2025-12-30,SPHR,bullish
2025-12-30,2025-12-30,TZOO,bullish
2025-12-30,2025-12-30,BA,bullish
2026-01-20,2025-12-30,RELY,bullish
2025-12-30,2025-12-30,NVDA,bullish
2025-12-31,2025-12-31,IE,bullish
2025-12-31,2025-12-31,NVO,bullish
2026-01-12,2025-12-31,LMNR,bullish
2026-01-02,2025-12-31,DECK,bullish
2025-12-31,2025-12-31,TTD,bullish
2026-01-05,2026-01-01,DLHC,bullish
2026-01-12,2026-01-01,PLAY,bullish
2026-01-02,2026-01-01,BHP,bullish
2026-01-02,2026-01-01,WEBC,bullish
2026-01-02,2026-01-01,RGR,bullish
2026-01-06,2026-01-01,ATEX,bullish
2026-01-02,2026-01-02,HUBB,bullish
2026-01-02,2026-01-02,OUST,bullish
2026-01-02,2026-01-02,ANET,bullish
2026-01-06,2026-01-02,KLNG,bullish
2026-01-06,2026-01-02,FOUR,bullish
2026-01-06,2026-01-02,QXO,bullish
2026-01-02,2026-01-02,BAM,bullish
2026-01-05,2026-01-02,MMS,bullish
2026-01-06,2026-01-02,ISRG,bullish
2026-01-02,2026-01-02,ATEC,bearish
2026-01-02,2026-01-02,ITRI,bullish
2026-01-26,2026-01-02,BMI,bullish
2026-01-02,2026-01-02,WDS,bullish
2026-03-02,2026-01-02,BL,bullish
2026-01-06,2026-01-02,HCA,bullish
2026-01-05,2026-01-02,PYPL,bullish
2026-01-05,2026-01-02,SBGSY,bullish
2026-01-02,2026-01-02,SRBIF,bullish
2026-01-02,2026-01-02,ETN,bullish
2026-01-02,2026-01-02,BABA,bullish
2026-01-02,2026-01-02,TSM,bullish
2026-01-08,2026-01-02,SNWV,bullish
2026-01-02,2026-01-02,NVO,bullish
2026-01-05,2026-01-03,XYF,bullish
2026-01-05,2026-01-03,PALI,bullish
2026-01-05,2026-01-03,SNAP,bullish
2026-01-05,2026-01-03,OMER,bullish
2026-01-05,2026-01-03,XYF,bullish
2026-01-05,2026-01-03,ASST,bullish
2026-02-13,2026-01-03,CLBT,bullish
2026-02-19,2026-01-03,IVVD,bullish
2026-01-06,2026-01-03,AMPX,bullish
2026-01-05,2026-01-04,FIG,bullish
2026-01-05,2026-01-04,UBER,bullish
2026-01-05,2026-01-04,NKE,bullish
2026-01-05,2026-01-04,SKYT,bullish
2026-01-05,2026-01-04,NFLX,bullish
2026-02-26,2026-01-04,BROS,bullish
2026-01-05,2026-01-05,KDEF,bullish
2026-01-05,2026-01-05,SNAP,bullish
2026-01-05,2026-01-05,ESTC,bullish
2026-01-05,2026-01-05,VEEV,bullish
2026-01-06,2026-01-05,CMI,bullish
2026-01-05,2026-01-05,NSP,bullish
2026-01-05,2026-01-05,SHMD,bullish
2026-01-06,2026-01-06,NVDA,bullish
2026-01-06,2026-01-06,DUOL,bullish
2026-01-06,2026-01-06,MU,bullish
2026-01-06,2026-01-06,TSM,neutral;
2026-01-07,2026-01-07,ACFN,bullish
2026-01-07,2026-01-07,AMZN,bullish
2026-01-07,2026-01-07,ATLC,bearish
2026-01-07,2026-01-07,ACFN,bullish
2026-01-07,2026-01-07,AMAT,bullish
2026-01-08,2026-01-08,CIFR,bullish
2026-01-21,2026-01-08,COHR,bullish
2026-01-08,2026-01-08,GOOGL,bullish
2026-01-08,2026-01-08,LOGI,bearish
2026-01-29,2026-01-09,AEHR,bearish
2026-01-09,2026-01-09,GSK,bullish
2026-01-12,2026-01-09,ATEC,bearish
2026-01-09,2026-01-09,FOUR,bullish
2026-02-04,2026-01-09,EWBC,bullish
2026-01-09,2026-01-09,VRT,bullish
2026-01-09,2026-01-09,CLPT,bullish
2026-01-09,2026-01-09,CZZLF,bullish
2026-01-09,2026-01-09,ASTS,bullish
2026-02-19,2026-01-09,ADBE,bullish
2026-02-02,2026-01-09,RYAAY,bullish
2026-01-12,2026-01-10,KLAR,bullish
2026-01-12,2026-01-10,TEM,bullish
2026-01-12,2026-01-11,HYDTF,bullish
2026-01-12,2026-01-11,COUR,bullish
2026-01-12,2026-01-12,AVAV,bullish
2026-01-12,2026-01-12,WD,bullish
2026-01-12,2026-01-12,DOW,bullish
2026-01-12,2026-01-12,XYZ,bullish
2026-01-15,2026-01-12,FFBB,bullish
2026-02-20,2026-01-13,SRPT,bullish
2026-01-13,2026-01-13,MRNA,bullish
2026-01-13,2026-01-13,LOGC,bullish
2026-02-20,2026-01-13,CRM,bullish
2026-01-13,2026-01-13,AEHR,bullish
2026-01-13,2026-01-13,GETY,bullish
2026-01-13,2026-01-13,XPO,bullish
2026-01-13,2026-01-13,NVO,bullish
2026-01-13,2026-01-13,HTO,bullish
2026-01-13,2026-01-13,SO,bullish
2026-01-13,2026-01-13,CRTO,bullish
2026-01-14,2026-01-14,GTLB,bullish
2026-01-14,2026-01-14,KOS,bullish
2026-01-14,2026-01-14,NEXT,bullish
2026-01-30,2026-01-14,TZOO,bullish
2026-02-11,2026-01-14,RIVN,bullish
2026-01-14,2026-01-14,OKTA,bullish
2026-01-14,2026-01-14,EBAY,bullish
2026-02-11,2026-01-14,IOT,bullish
2026-02-23,2026-01-14,SNAP,bullish
2026-01-15,2026-01-15,CMSG,bullish
2026-01-15,2026-01-15,KIM,bullish
2026-01-23,2026-01-15,PRLPF,bullish
2026-01-15,2026-01-15,HUN,bullish
2026-02-20,2026-01-15,POST,bearish
2026-01-21,2026-01-15,MRX,bullish
2026-01-15,2026-01-15,LPTH,bullish
2026-01-30,2026-01-15,CB,bullish
2026-01-30,2026-01-16,TZOO,bullish
2026-02-13,2026-01-16,FWONK,bullish
2026-01-21,2026-01-16,CMTG,bullish
2026-01-16,2026-01-16,RBLX,bullish
2026-02-03,2026-01-16,VTRS,bullish
2026-01-16,2026-01-16,LB,bullish
2026-01-16,2026-01-16,SSYS,bullish
2026-01-16,2026-01-16,WSO,bullish
2026-01-20,2026-01-17,TSM,bullish
2026-01-23,2026-01-17,MELI,bullish
2026-01-20,2026-01-17,VVX,bullish
2026-01-20,2026-01-18,HGV,bearish
2026-03-03,2026-01-19,UPST,bullish
2026-01-20,2026-01-19,MSTR,bullish
2026-01-21,2026-01-19,PANL,bullish
2026-01-20,2026-01-20,DPRO,bullish
2026-01-20,2026-01-20,TIC,bullish
2026-01-20,2026-01-20,UEIC,bullish
2026-01-30,2026-01-20,SPOT,bullish
2026-02-26,2026-01-20,SPT,bullish
2026-01-20,2026-01-20,LB,bullish
2026-02-09,2026-01-20,GDDY,bullish
2026-01-20,2026-01-20,TSM,bullish
2026-01-20,2026-01-20,DRS,bullish
2026-01-20,2026-01-20,IEHC,bullish
2026-01-21,2026-01-21,AMPG,bullish
2026-01-21,2026-01-21,TWST,bullish
2026-02-23,2026-01-21,LLY,bullish
2026-01-21,2026-01-21,DRTS,bullish
2026-03-04,2026-01-21,WEAV,bullish
2026-02-11,2026-01-21,IKT,bullish
2026-01-26,2026-01-21,NOMD,bullish
2026-01-22,2026-01-22,DEO,bullish
2026-01-22,2026-01-22,TEM,bullish
2026-01-22,2026-01-22,EUFN,bearish
2026-01-28,2026-01-23,STRS,bullish
2026-01-26,2026-01-23,TTAM,bullish
2026-02-02,2026-01-23,ZNOG,bearish
2026-01-23,2026-01-23,BHP,bullish
2026-02-05,2026-01-24,CRVS,bearish
2026-01-26,2026-01-24,CRBP,bullish
2026-01-26,2026-01-24,INTC,bullish
2026-01-26,2026-01-24,INVZ,bullish
2026-01-28,2026-01-24,DELL,bullish
2026-03-20,2026-01-25,RHLD,bullish
2026-01-29,2026-01-26,NP,bullish
2026-02-26,2026-01-26,JOYY,bullish
2026-01-28,2026-01-26,CMCO,bearish
2026-02-12,2026-01-26,RBRK,bullish
2026-01-26,2026-01-26,MHGU,bullish
2026-02-10,2026-01-26,JCTC,bullish
2026-01-26,2026-01-26,ASPI,bullish
2026-02-26,2026-01-26,LAW,bullish
2026-01-28,2026-01-26,FVRR,bullish
2026-02-23,2026-01-26,IDYA,bullish
2026-01-26,2026-01-26,SIDU,bearish
2026-01-26,2026-01-26,DDI,bullish
2026-02-17,2026-01-26,TSCO,bearish
2026-02-02,2026-01-26,GDOT,bullish
2026-01-27,2026-01-27,IDXG,bullish
2026-02-13,2026-01-27,SAP,bullish
2026-02-26,2026-01-27,PTON,bullish
2026-01-30,2026-01-27,DECK,bullish
2026-01-27,2026-01-27,RELL,bullish
2026-02-20,2026-01-27,NHC,bearish
2026-01-27,2026-01-27,NVDA,bullish
2026-02-04,2026-01-27,WLK,bullish
2026-02-20,2026-01-27,TOST,bullish
2026-02-04,2026-01-28,KSS,bullish
2026-01-28,2026-01-28,ARX,bearish
2026-02-10,2026-01-28,KBR,bullish
2026-01-29,2026-01-28,HPE,bullish
2026-01-28,2026-01-28,LRCX,bullish
2026-02-04,2026-01-28,MONRF,bullish
2026-01-29,2026-01-29,ASML,bullish
2026-02-05,2026-01-29,ITB,bullish
2026-02-17,2026-01-29,NOW,bullish
2026-02-25,2026-01-29,GLASF,bullish
2026-01-29,2026-01-29,CPNG,bullish
2026-02-19,2026-01-30,CNC,bullish
2026-01-30,2026-01-30,CAT,bullish
2026-01-30,2026-01-30,LRCX,bullish
2026-03-03,2026-01-30,SYPR,bullish
2026-01-30,2026-01-30,GSK,bullish
2026-02-19,2026-01-31,ONDS,bullish
2026-02-03,2026-01-31,NVRI,bullish
2026-02-11,2026-01-31,POOL,bullish
2026-02-02,2026-01-31,SPCB,bullish
2026-03-20,2026-01-31,MS,bullish
2026-02-06,2026-01-31,ABT,bullish
2026-02-06,2026-01-31,WKC,bullish
2026-02-02,2026-01-31,OXBC,bullish
2026-02-12,2026-01-31,RBRK,bullish
2026-02-02,2026-01-31,NHI,bullish
2026-02-02,2026-02-01,GDOT,bullish
2026-02-11,2026-02-01,AMSC,bullish
2026-02-24,2026-02-01,FDS,bullish
2026-02-02,2026-02-01,CABO,bullish
2026-02-02,2026-02-01,ALH,bullish
2026-02-02,2026-02-01,GFR,bullish
2026-02-11,2026-02-02,ACFN,bullish
2026-02-02,2026-02-02,NTDOY,bullish
2026-02-06,2026-02-02,NRP,bullish
2026-02-17,2026-02-02,SRL,bullish
2026-02-02,2026-02-02,TSLA,bearish
2026-02-23,2026-02-02,SANA,bullish
2026-02-13,2026-02-02,WOLF,bullish
2026-02-03,2026-02-02,PSMT,bullish
2026-02-02,2026-02-02,GDS,bullish
2026-02-03,2026-02-03,ITRN,bullish
2026-03-11,2026-02-03,INTC,bullish
2026-02-17,2026-02-03,MASI,bullish
2026-02-11,2026-02-03,ALOT,bullish
2026-02-17,2026-02-03,NOW,bullish
2026-02-03,2026-02-03,PG,bullish
2026-02-26,2026-02-03,KOPN,bullish
2026-03-20,2026-02-03,TBPH,bullish
2026-02-17,2026-02-03,CMGMY,bullish
2026-02-03,2026-02-03,SNX,bullish
2026-02-06,2026-02-03,EXSR,bullish
2026-02-03,2026-02-03,TOYO,bullish
2026-02-11,2026-02-04,IKT,bullish
2026-02-25,2026-02-04,AMZN,bullish
2026-02-20,2026-02-04,NRDS,bullish
2026-02-09,2026-02-04,ABVX,bullish
2026-02-04,2026-02-04,LNXSF,bullish
2026-02-05,2026-02-05,CVNA,bearish
2026-02-05,2026-02-05,ONL,bullish
2026-02-19,2026-02-05,ALMU,bullish
2026-02-05,2026-02-05,TBBB,bullish
2026-02-13,2026-02-05,BOF,bullish
2026-02-17,2026-02-06,GRCE,bullish
2026-03-10,2026-02-06,APO,bullish
2026-02-11,2026-02-06,FOUR,bullish
2026-02-20,2026-02-06,NTDOY,bullish
2026-02-25,2026-02-06,AMZN,bullish
2026-02-19,2026-02-06,PROP,bullish
2026-02-06,2026-02-06,CNMD,bullish
2026-02-06,2026-02-06,TROX,bullish
2026-02-09,2026-02-07,CC,bullish
2026-02-25,2026-02-07,BE,bullish
2026-02-09,2026-02-07,EPRT,bullish
2026-02-09,2026-02-07,EWW,bullish
2026-02-09,2026-02-07,PDLB,bullish
2026-02-09,2026-02-08,CTRI,bullish
2026-02-10,2026-02-08,GRAB,bullish
2026-02-24,2026-02-08,BSX,bullish
2026-02-10,2026-02-08,JCTC,bullish
2026-02-09,2026-02-08,FLXS,bullish
2026-03-05,2026-02-09,QEPC,bullish
2026-02-09,2026-02-09,ON,bullish
2026-02-09,2026-02-09,ABX,bullish
2026-02-09,2026-02-09,HTZ,bearish
2026-02-11,2026-02-09,RELY,bullish
2026-04-13,2026-02-10,UNIB,bullish
2026-02-10,2026-02-10,WMS,bullish
2026-02-26,2026-02-10,PGY,bullish
2026-02-24,2026-02-10,HOG,bearish
2026-02-10,2026-02-10,PWR,bullish
2026-02-26,2026-02-10,DKNG,bullish
2026-02-10,2026-02-10,POWL,bullish
2026-02-23,2026-02-10,MCO,bullish
2026-02-27,2026-02-10,KRMN,bullish
2026-04-02,2026-02-10,ANDG,bullish
2026-02-10,2026-02-10,GRMN,bullish
2026-02-11,2026-02-11,APG,bullish
2026-02-11,2026-02-11,OPTX,bearish
2026-02-11,2026-02-11,NET,bullish
2026-02-11,2026-02-11,GNTX,bullish
2026-02-11,2026-02-11,PRCH,bullish
2026-03-09,2026-02-12,NVO,bullish
2026-02-20,2026-02-12,UBER,bullish
2026-02-12,2026-02-12,PGEN,bullish
2026-02-12,2026-02-12,UNP,bullish
2026-02-25,2026-02-12,AMZN,bullish
2026-02-25,2026-02-12,MSFT,bullish
2026-02-18,2026-02-12,OSCR,bullish
2026-02-20,2026-02-12,RDDT,bullish
2026-02-13,2026-02-13,WBD,bullish
2026-02-13,2026-02-13,KTB,bullish
2026-03-02,2026-02-13,GTPS,bullish
2026-02-26,2026-02-13,LPCN,bullish
2026-02-19,2026-02-13,APP,bullish
2026-02-13,2026-02-13,FOSL,bullish
2026-02-26,2026-02-13,FRSH,bullish
2026-02-13,2026-02-13,F,bullish
2026-03-09,2026-02-13,ALAB,bullish
2026-04-01,2026-02-14,WLTH,bullish
2026-02-25,2026-02-14,PINS,bullish
2026-02-26,2026-02-14,IREN,bullish
2026-02-26,2026-02-14,WIX,bullish
2026-03-24,2026-02-14,GRVY,bullish
2026-02-17,2026-02-14,RDVT,bullish
2026-04-03,2026-02-15,BEOB,bullish
2026-02-20,2026-02-15,UBER,bullish
2026-02-17,2026-02-15,UEIC,bullish
2026-03-17,2026-02-15,MELI,bullish
2026-02-19,2026-02-15,LODE,bullish
2026-02-17,2026-02-16,ACVA,bearish
2026-03-05,2026-02-16,CAWW,bullish
2026-02-17,2026-02-16,GEHC,bullish
2026-02-23,2026-02-16,VOR,bullish
2026-04-09,2026-02-17,TRT,bullish
2026-02-24,2026-02-17,PRTH,bullish
2026-02-20,2026-02-17,CRM,bullish
2026-02-25,2026-02-17,INTU,bullish
2026-03-09,2026-02-17,AMD,bullish
2026-02-17,2026-02-17,GEN,bullish
2026-02-26,2026-02-17,EVVTY,bullish
2026-02-27,2026-02-17,RIME,bearish
2026-02-20,2026-02-17,NFLX,bullish
2026-03-02,2026-02-17,ONIT,bullish
2026-02-17,2026-02-17,VRTX,bullish
2026-02-24,2026-02-17,TMDX,bullish
2026-02-19,2026-02-17,HII,bullish
2026-02-19,2026-02-17,ADBE,bullish
2026-03-24,2026-02-18,RKT,bullish
2026-02-23,2026-02-18,SNAP,bullish
2026-03-02,2026-02-19,VELO,bullish
2026-04-07,2026-02-19,SRL,bullish
2026-02-19,2026-02-19,YELP,bearish
2026-03-05,2026-02-19,WU,bullish
2026-02-19,2026-02-19,VNET,bullish
2026-03-11,2026-02-19,USAR,bullish
2026-02-19,2026-02-19,BKUTK,bullish
2026-02-19,2026-02-19,THRY,bullish
2026-02-19,2026-02-19,DPAT,bullish
2026-02-24,2026-02-19,PL,bullish
2026-02-19,2026-02-19,SPOT,bullish
2026-02-27,2026-02-20,GPK,bullish
2026-02-20,2026-02-20,FCFS,bullish
2026-03-04,2026-02-21,META,bullish
2026-02-24,2026-02-22,PGNY,bullish
2026-02-23,2026-02-22,INVA,bullish
2026-02-23,2026-02-22,AMGN,bullish
2026-02-23,2026-02-22,DLO,bullish
2026-03-04,2026-02-22,KLAR,bullish
2026-03-04,2026-02-22,PJT,bullish
2026-02-24,2026-02-22,UBER,bullish
2026-02-23,2026-02-22,CGEM,bullish
2026-03-30,2026-02-23,NXRT,bullish
2026-02-23,2026-02-23,WVVI,bullish
2026-03-04,2026-02-23,KLAR,bullish
2026-02-25,2026-02-23,BE,bullish
2026-03-17,2026-02-23,MELI,bullish
2026-02-23,2026-02-23,IBRX,bullish
2026-02-26,2026-02-23,MSGM,bullish
2026-02-23,2026-02-23,HQI,bullish
2026-03-11,2026-02-23,NUAI,bullish
2026-02-25,2026-02-24,AOUT,bullish
2026-02-24,2026-02-24,GLNG,bullish
2026-03-30,2026-02-24,BGL,bullish
2026-05-21,2026-02-24,DGQTF,bullish
2026-02-24,2026-02-24,FCEL,bullish
2026-02-27,2026-02-24,ACTG,bullish
2026-02-24,2026-02-24,FIG,bullish
2026-02-24,2026-02-24,AAPL,bullish
2026-02-24,2026-02-24,JVA,bullish
2026-02-24,2026-02-24,MORN,bullish
2026-02-26,2026-02-25,TH,bullish
2026-03-13,2026-02-25,AXON,bearish
2026-02-26,2026-02-26,BKNG,bullish
2026-03-24,2026-02-26,HUBB,bullish
2026-02-26,2026-02-26,MSFT,bullish
2026-02-26,2026-02-26,FISV,bullish
2026-03-04,2026-02-26,RKLB,bullish
2026-03-17,2026-02-26,MELI,bullish
2026-03-02,2026-02-26,NOC,bullish
2026-02-27,2026-02-27,SKYH,bullish
2026-03-02,2026-02-27,CPRT,bullish
2026-03-25,2026-02-27,DOV,bullish
2026-02-27,2026-02-27,DCBO,bullish
2026-04-02,2026-03-01,ASM,bullish
2026-03-02,2026-03-01,CDE,bullish
2026-03-02,2026-03-01,CRM,bullish
2026-03-23,2026-03-01,TRIN,bullish
2026-03-03,2026-03-02,TSLA,bearish
2026-03-04,2026-03-02,TRUP,bullish
2026-03-02,2026-03-02,XLE,bearish
2026-03-17,2026-03-02,AAOI,bearish
2026-03-04,2026-03-03,KLAR,bullish
2026-03-03,2026-03-03,TTSH,bullish
2026-03-27,2026-03-03,GLIBK,bullish
2026-03-23,2026-03-03,FOUR,bullish
2026-03-13,2026-03-03,CRGO,bullish
2026-03-23,2026-03-04,FOUR,bullish
2026-03-19,2026-03-04,CYTK,bullish
2026-03-04,2026-03-04,PDEX,bullish
2026-03-05,2026-03-04,FIGR,bullish
2026-03-25,2026-03-04,SE,bullish
2026-03-04,2026-03-04,ALMU,bullish
2026-03-25,2026-03-04,LRN,bullish
2026-03-04,2026-03-04,CART,bullish
2026-03-20,2026-03-04,SPCB,bullish
2026-03-04,2026-03-04,ELME,bullish
2026-03-09,2026-03-05,CRDO,bullish
2026-03-05,2026-03-05,DUOL,bullish
2026-03-09,2026-03-05,NVO,bullish
2026-03-05,2026-03-05,NOW,bullish
2026-03-20,2026-03-05,TBPH,bullish
2026-03-24,2026-03-05,STRL,bullish
2026-03-06,2026-03-05,AVGO,bullish
2026-03-20,2026-03-05,BURL,bullish
2026-03-05,2026-03-05,CVS,bullish
2026-03-05,2026-03-05,MAPS,bullish
2026-03-17,2026-03-05,RCKT,bearish
2026-03-06,2026-03-06,GDOT,bullish
2026-03-06,2026-03-06,BAK,bullish
2026-03-06,2026-03-06,GRND,bullish
2026-03-06,2026-03-06,DBLVF,bullish
2026-03-06,2026-03-06,QCLS,bullish
2026-03-06,2026-03-06,LXU,bullish
2026-03-09,2026-03-07,ASIX,bullish
2026-03-18,2026-03-07,TROX,bullish
2026-03-09,2026-03-08,UNTC,bullish
2026-03-09,2026-03-08,WPP,bullish
2026-03-25,2026-03-08,GRAB,bullish
2026-03-09,2026-03-09,APA,bullish
2026-03-09,2026-03-09,ORCL,bullish
2026-03-09,2026-03-09,ISRG,bullish
2026-03-09,2026-03-09,TWLO,bullish
2026-03-09,2026-03-09,STVN,bullish
2026-03-10,2026-03-10,NTDOY,bullish
2026-03-10,2026-03-10,UNTC,bullish
2026-03-24,2026-03-10,BCC,bullish
2026-03-25,2026-03-11,TJX,bullish
2026-03-11,2026-03-11,MKTW,bullish
2026-03-25,2026-03-11,HROW,bullish
2026-03-30,2026-03-11,SIGI,bullish
2026-03-31,2026-03-11,AU,bullish
2026-04-01,2026-03-11,CCJ,bullish
2026-03-31,2026-03-11,NEM,bullish
2026-04-01,2026-03-11,AG,bullish
2026-03-31,2026-03-11,BNTX,bullish
2026-04-01,2026-03-11,AEM,bullish
2026-03-31,2026-03-11,FCX,bullish
2026-04-01,2026-03-11,SCCO,bullish
2026-04-09,2026-03-11,CVEO,bullish
2026-03-12,2026-03-12,WEYS,bullish
2026-03-12,2026-03-12,OTF,bullish
2026-03-12,2026-03-12,WATT,bullish
2026-03-13,2026-03-12,PSSR,bullish
2026-04-06,2026-03-12,RTX,bullish
2026-03-12,2026-03-12,XNET,bullish
2026-03-12,2026-03-12,SABS,bullish
2026-03-13,2026-03-13,TEAM,bullish
2026-04-06,2026-03-13,FND,bullish
2026-03-17,2026-03-13,EVC,bullish
2026-03-13,2026-03-13,CDIO,bearish
2026-03-23,2026-03-13,SANM,bullish
2026-03-13,2026-03-13,SONY,bullish
2026-03-13,2026-03-13,MAPS,bullish
2026-03-24,2026-03-14,MRX,bullish
2026-04-27,2026-03-14,NRXS,bullish
2026-03-16,2026-03-14,VEEV,bullish
2026-04-13,2026-03-14,LE,bullish
2026-03-16,2026-03-14,ADBE,bullish
2026-04-03,2026-03-15,DECK,bullish
2026-03-16,2026-03-15,ADBE,bullish
2026-03-16,2026-03-15,KLAR,bullish
2026-03-16,2026-03-15,AIRDF,bullish
2026-04-01,2026-03-16,FICO,bullish
2026-03-16,2026-03-16,DEC,bullish
2026-03-16,2026-03-16,AGRO,bullish
2026-03-16,2026-03-16,SPGI,bullish
2026-03-16,2026-03-16,NOW,bullish
2026-03-16,2026-03-16,SNOW,bullish
2026-03-16,2026-03-16,VIOT,bullish
2026-03-26,2026-03-16,V,bullish
2026-03-16,2026-03-16,BNED,bullish
2026-03-16,2026-03-16,TIGR,bullish
2026-03-16,2026-03-16,NET,bullish
2026-03-17,2026-03-17,MELI,bullish
2026-04-08,2026-03-17,QMCI,bullish
2026-03-17,2026-03-17,WATT,bullish
2026-03-17,2026-03-17,KVHI,bullish
2026-03-17,2026-03-17,SBIG,bullish
2026-03-27,2026-03-17,DEO,bullish
2026-03-17,2026-03-17,ELVA,bullish
2026-04-03,2026-03-17,LNSR,bullish
2026-03-30,2026-03-17,CBL,bullish
2026-03-18,2026-03-18,FINV,bullish
2026-03-18,2026-03-18,SOC,bullish
2026-03-18,2026-03-18,MC,bearish
2026-03-18,2026-03-18,CHRD,bullish
2026-03-25,2026-03-18,HLI,bullish
2026-03-18,2026-03-18,NOK,bullish
2026-03-20,2026-03-19,EXFY,bullish
2026-03-25,2026-03-19,COHR,bullish
2026-04-09,2026-03-19,PWR,bullish
2026-03-19,2026-03-19,DLO,bullish
2026-03-19,2026-03-19,DLO,bullish
2026-03-19,2026-03-19,MPT,bearish
2026-03-19,2026-03-19,VELO,bullish
2026-04-01,2026-03-20,YB,bullish
2026-03-23,2026-03-20,TVTX,bullish
2026-03-25,2026-03-20,BABA,bullish
2026-03-20,2026-03-20,GEO,bullish
2026-03-23,2026-03-21,RDDT,bullish
2026-03-23,2026-03-21,SM,bullish
2026-03-23,2026-03-21,LRCX,bullish
2026-04-01,2026-03-21,NPK,bullish
2026-03-23,2026-03-22,MELI,bullish
2026-03-23,2026-03-22,GLNG,bullish
2026-03-23,2026-03-22,UBER,bullish
2026-03-23,2026-03-22,NU,bullish
2026-03-23,2026-03-22,AMZN,bullish
2026-04-06,2026-03-22,META,bullish
2026-03-24,2026-03-23,SATS,bullish
2026-03-24,2026-03-23,TIPT,bullish
2026-04-03,2026-03-23,GME,bullish
2026-04-08,2026-03-23,MU,bullish
2026-04-03,2026-03-23,ALLO,bullish
2026-03-23,2026-03-23,NAUT,bullish
2026-03-23,2026-03-23,ASRT,bullish
2026-04-03,2026-03-23,HON,bullish
2026-03-23,2026-03-23,RGR,bullish
2026-04-06,2026-03-24,FND,bullish
2026-03-24,2026-03-24,LMND,bullish
2026-03-24,2026-03-24,SPGI,bullish
2026-04-02,2026-03-24,NVDA,bullish
2026-04-02,2026-03-24,NFLX,bullish
2026-03-24,2026-03-24,GRDN,bullish
2026-04-06,2026-03-24,META,bullish
2026-03-24,2026-03-24,PAGS,bullish
2026-03-24,2026-03-24,DSGR,bullish
2026-03-24,2026-03-24,NOMD,bullish
2026-04-09,2026-03-25,NATL,bullish
2026-03-25,2026-03-25,ELVA,bullish
2026-03-26,2026-03-25,CROX,bullish
2026-03-25,2026-03-25,FOUR,bullish
2026-03-25,2026-03-25,VECO,bullish
2026-04-08,2026-03-25,SMCI,bullish
2026-03-25,2026-03-25,SEZL,bullish
2026-03-30,2026-03-25,WATT,bearish
2026-04-02,2026-03-25,DIS,bullish
2026-03-25,2026-03-25,CNTB,bullish
2026-03-25,2026-03-25,CNR,bullish
2026-03-25,2026-03-25,BG,bearish
2026-03-26,2026-03-26,CCLD,bullish
2026-03-27,2026-03-26,LODE,bullish
2026-03-26,2026-03-26,HROW,bullish
2026-03-26,2026-03-26,WULF,bullish
2026-03-26,2026-03-26,GRPN,bullish
2026-03-26,2026-03-26,BRAG,bullish
2026-04-06,2026-03-26,META,bullish
2026-04-03,2026-03-26,QXO,bullish
2026-04-23,2026-03-27,LB,bullish
2026-04-09,2026-03-27,LXRX,bullish
2026-03-27,2026-03-27,NDRA,bullish
2026-04-17,2026-03-27,BLHK,bullish
2026-04-01,2026-03-27,YB,bullish
2026-04-01,2026-03-27,MDV,bullish
2026-03-31,2026-03-28,SPGI,bullish
2026-04-03,2026-03-28,LNSR,bullish
2026-04-09,2026-03-28,KMB,bullish
2026-04-17,2026-03-28,NOW,bullish
2026-03-30,2026-03-28,ULH,bullish
2026-04-03,2026-03-28,TIGR,bullish
2026-03-30,2026-03-29,VICI,bearish
2026-03-30,2026-03-29,MA,bullish
2026-03-30,2026-03-29,HZO,bullish
2026-03-30,2026-03-30,MMYT,bearish
2026-04-08,2026-03-30,EEFT,bullish
2026-03-30,2026-03-30,ARGYF,bullish
2026-04-03,2026-03-30,AVGO,bullish
2026-04-06,2026-03-30,FND,bullish
2026-04-08,2026-03-30,CELH,bullish
2026-03-30,2026-03-30,MEDP,bullish
2026-04-14,2026-03-30,OSUR,bullish
2026-04-06,2026-03-30,SSP,bullish
2026-04-02,2026-03-31,CTGO,bullish
2026-04-14,2026-03-31,UMAC,bullish
2026-04-08,2026-03-31,BR,bullish
2026-03-31,2026-03-31,XPEL,bullish
2026-03-31,2026-03-31,CROX,bullish
2026-03-31,2026-03-31,PVH,bullish
2026-03-31,2026-03-31,CC,bullish
2026-03-31,2026-03-31,BGC,bullish
2026-04-01,2026-04-01,KHC,bullish
2026-04-09,2026-04-01,SHMD,bullish
2026-04-01,2026-04-01,AVNW,bearish
2026-04-01,2026-04-01,GAIN,bullish
2026-04-02,2026-04-01,IEHC,bullish
2026-04-01,2026-04-01,RDCM,bullish
2026-04-01,2026-04-01,GAIN,bullish
2026-04-08,2026-04-01,CXDO,bullish
2026-04-14,2026-04-01,IRIX,bullish
2026-04-09,2026-04-02,AENT,bullish
2026-04-02,2026-04-02,TSN,bullish
2026-04-10,2026-04-02,WATT,bullish
2026-04-02,2026-04-02,PGY,bullish
2026-04-02,2026-04-02,WATT,bearish
2026-04-09,2026-04-03,FTDR,bullish
2026-04-03,2026-04-03,MRPMF,bullish
2026-04-14,2026-04-03,NVAX,bullish
2026-04-06,2026-04-04,SNAP,bullish
2026-04-06,2026-04-04,CRM,bullish
2026-04-06,2026-04-04,PANW,bullish
2026-04-06,2026-04-04,RKLB,bullish
2026-04-06,2026-04-04,SPCB,bullish
2026-04-06,2026-04-05,AVGO,bullish
2026-04-06,2026-04-05,CART,bullish
2026-04-06,2026-04-05,NU,bullish
2026-04-06,2026-04-05,META,bullish
2026-04-06,2026-04-05,CPS,bullish
2026-04-06,2026-04-05,MSFT,bullish
2026-04-06,2026-04-06,FDS,bullish
2026-04-06,2026-04-06,GTLB,bullish
2026-04-22,2026-04-06,SIDU,bearish
2026-04-06,2026-04-06,WPM,bullish
2026-04-06,2026-04-06,PYPL,bullish
2026-04-17,2026-04-06,SNOW,bullish
2026-04-07,2026-04-07,FDS,bullish
2026-04-07,2026-04-07,NTES,bullish
2026-04-09,2026-04-07,SNWV,bullish
2026-04-14,2026-04-07,IRIX,bullish
2026-04-07,2026-04-07,LUNR,bullish
2026-04-30,2026-04-07,SFM,bullish
2026-04-07,2026-04-07,CSAN,bullish
2026-04-14,2026-04-07,UMAC,bullish
2026-04-08,2026-04-08,MLP,bullish
2026-04-08,2026-04-08,ETOR,bullish
2026-04-08,2026-04-08,RTMVY,bullish
